Product Name,Brand,Final Price,Discount,Rating
"Neutrogena Hydro Boost Hyaluronic Acid Water Gel Light Face Moisturizer For Normal, Dry & Oily Skin",Neutrogena,1071,10,4.5
"CeraVe Moisturizer For Dry Skin with Ceramides, Niacinamide & Hyaluronic Acid for Barrier Repair",CeraVe,387,10,4.4
Dot & Key Mango Detan Oil-Free Sunscreen Gel SPF 50+ PA+++ With Alpha-Arbutin & Niacinamide,Dot & Key,387,13,4.5
Forest Essentials Delicate Facial Cleanser - Kashmiri Saffron & Neem,Forest Essentials,1295,0,4.5
"Eucerin Anti-Pigment Dual Serum With Thiamidol & Hyaluronic Acid , Reduces Dark Spots & Rejuvenates",Eucerin,3213,15,4.2
SKIN1004 Madagascar Centella Tone Brightening Capsule Serum,SKIN1004,899,10,4.4
The Ordinary Niacinamide 10% + Zinc 1%,The Ordinary,600,0,4.4
Estee Lauder Advanced Night Repair Synchronized Multi-Recovery Complex With Hyaluronic Acid (Serum),Estee Lauder,4500,0,4.3
O3+ D -TAN Face Pack for Tan Removal & Glowing Skin - Detan Mask for All Skin Types,O3+,1442,7,4.3
"CeraVe Foaming Cleanser Face Wash For Oily Skin with Ceramides, Dermatologist Recommended",CeraVe,468,10,4.4
Cetaphil Gentle Skin Cleanser,Cetaphil,399,7,4.5
The Ordinary Glycolic Acid 7% Exfoliating Solution,The Ordinary,1275,0,4.4
"Dot & Key Vitamin C + E Face Sunscreen SPF 50 PA+++ For Glowing Skin, 100% No White Cast",Dot & Key,387,13,4.4
Simple Kind To Skin Refreshing Facial Wash,Simple,357,15,4.5
COSRX Advanced Snail 96 Mucin Power Essence,COSRX,1450,0,4.5
Dot & Key Strawberry Dew Tinted Sunscreen SPF 50+ PA++++,Dot & Key,489,11,4.5
"Foxtale De-Tan Skin Radiance Mask, With Lactic Acid, Brazilian Purple Clay & Kaolin Clay",Foxtale,463,15,4.4
Ponds Super Light Gel Oil Free Moisturiser With Hyaluronic Acid + Vitamin E,Ponds,417,30,4.5
"Dot & Key Vitamin C + E Super Bright Face Moisturizer For Glowing Skin, Fades Dark Spots",Dot & Key,426,14,4.4
Dot & Key Watermelon & Hyaluronic Face Sunscreen SPF 50 PA+++ - 100% No White Cast & Waterlight,Dot & Key,387,13,4.4
"Plum 3% Niacinamide Toner With Rice Water, For Pores & Blemishes, Normal To Oily Skin Type",Plum,378,14,4.4
Lakme Absolute Perfect Radiance Skin Brightening Day Creme,Lakme,279,30,4.3
Minimalist 10% Vitamin C Serum For Face For Glowing Skin,Minimalist,664,5,4.4
Plum 10% Niacinamide Brightening Face Serum With Rice Water & Ferment - Fades Blemishes & Acne Marks,Plum,756,11,4.4
Minimalist 10% Niacinamide Face Serum With Matmarine + Zinc For Reducing Oil & Blemishes,Minimalist,569,5,4.4
d'you In My Defence Moisturiser Mini,d'you,3500,0,4.4
"TONYMOLY Korean Wonder Ceramide Mochi Toner-Hydrates, Softens, Nourishes Dry & Combination Skin",TONYMOLY,1275,15,4.5
Beauty of Joseon Relief Sunscreen Rice + Probiotics SPF 50+ PA++++,Beauty of Joseon,1570,0,4.4
Cetaphil Oily Skin Cleanser,Cetaphil,643,8,4.5
CeraVe Blemish Control Cleanser with 2% Salicylic Acid & Niacinamide for Acne-prone skin,CeraVe,1250,0,4.5
"Neutrogena Hydro Boost Hyaluronic Acid Water Gel Light Face Moisturizer For Normal, Dry & Oily Skin",Neutrogena,1071,10,4.5
The Ordinary AHA 30% + BHA 2% Peeling Solution,The Ordinary,950,0,4.4
"Dot & Key Hyaluronic + Ceramide Barrier Repair Hydrating Face Moisturizer Cream, Normal To Dry Skin",Dot & Key,336,15,4.4
The Ordinary GF 15% Solution,The Ordinary,1550,0,4.7
Cetaphil Moisturising Cream,Cetaphil,595,11,4.5
The Derma Co 1% Hyaluronic Sunscreen Spf 50 Pa+++ Aqua Gel For Normal To Oily Skin,The Derma Co,424,15,4.5
LANEIGE Lip Glowy Balm,LANEIGE,675,10,4.6
Cetaphil Bright Healthy Radiance Perfecting Serum 7X Power With Antioxidant C & Advanced Peptide,Cetaphil,1954,15,4.4
Minimalist 2% Salicylic Acid + LHA Face Cleanser With Zinc For Reducing Sebum & Acne,Minimalist,284,5,4.4
LANEIGE Glaze Craze Tinted Lip Serum,LANEIGE,1093,5,4.7
Plum 2% Niacinamide And Rice Water Moisturiser - Lightweight Gel Cream For Oil-Free Hydration,Plum,478,9,4.4
"La Shield SPF 40 Mineral Sunscreen Gel Oil free Matte PA +++ For Acne Prone, Oily Skin",La Shield,723,15,4.5
Clinique Moisture Surge 100h Auto-replenishing Hydrator (Moisturizer),Clinique,2250,0,4.5
Dr. Sheth'S Ceramide & Vitamin C Sunscreen Spf 50 Pa+++ No White Cast For All Skin Type,Dr. Sheth's,449,10,4.4
"Dot & Key 10% Vitamin C + E Face Serum With 5% Niacinamide, Fights Pigmentation & Dark Spots",Dot & Key,429,14,4.3
"The Derma Co 2% Kojic Acid Face Serum for Dark spots reduction, Pigmentation & Blemishes",The Derma Co,449,10,4.3
Minimalist SPF 50 PA ++++ Sunscreen With Multi-Vitamin For Reducing Photoaging & No White Cast,Minimalist,379,5,4.3
Wishcare Tinted Ceramide Lip Balm with SPF50 PA+++ - Kojic Acid & Niacinamide - For Lip Lightening,Wishcare,248,17,4.4
The Face Shop Rice Water Bright Foaming Cleanser,The Face Shop,899,0,4.5
SKIN1004 Madagascar Centella Serum,SKIN1004,899,10,4.6
Minimalist 2% Salicylic Acid Face Serum For Blackheads & Whiteheads,Minimalist,522,5,4.4
Nykaa Naturals Skin Secrets Exotic Indulgence Sheet Mask,Nykaa Skin,80,20,4.5
Foxtale Glow Sunscreen SPF 50 PA++++ with Vitamin C & Niacinamide for a Dewy Glow,Foxtale,304,13,4.4
L'Oreal Paris Glycolic Bright 8% [Melasyl + Niacinamide] Face Serum for Brightening Dark Spots,L'Oreal Paris,674,10,4.3
Cetaphil Moisturising Lotion For Dry To Normal Sensitive Skin - Dermatologist Recommended,Cetaphil,558,10,4.5
Neutrogena Ultrasheer SPF50+ PA++++ Ultra Light Moisturizing Face Sunscreen Oily & Sensitive Skin,Neutrogena,649,17,4.4
Beauty of Joseon Revive Eye Serum,Beauty of Joseon,1490,0,4.4
"Ponds Youthful Miracle Hexyl Retinol Complex, Renew & Repair Day Cream, SPF 15 PA++",Ponds,584,35,4.4
COSRX Advanced Snail Mucin 92 All In One Cream with Hyaluronic Acid,COSRX,1650,0,4.5
Minimalist Vitamin B5 10% Moisturizer,Minimalist,332,5,4.4
Wishcare Niacinamide Oil Balance Fluid Sunscreen Light & Matte SPF 50+ PA++++ For Balances Oily & Protects Skin,Wishcare,399,20,4.4
Raaga Professional De-Tan Removal Cream,Raaga Professional,373,10,4.4
Beauty of Joseon Relief Sun Aqua-Fresh Add SPF 50+ PA++++ Rice + B5,Beauty of Joseon,1570,0,4.5
LANEIGE Lip Sleeping Mask Berry,LANEIGE,540,10,4.6
Deconstruct Lightweight Gel Sunscreen SPF 55+ PA+++,Deconstruct,314,10,4.4
CeraVe Oil Control Gel-Cream lightweight moisturizer for Oily & Combination Skin with Shine Control,CeraVe,1140,5,4.5
"Plum Bestselling 2% Niacinamide & Rice Water SPF 50 PA+++ Sunscreen, For Oily, Normal & Dry Skin",Plum,363,9,4.3
TONYMOLY Korean Face Sheet Mask,TONYMOLY,100,0,4.6
Garnier Skin Naturals Micellar Oil-Infused Cleansing Water For Cleansing & Make-Up Removal | 400ml,Garnier,399,20,4.5
The Pink Foundry Overnight Acne Spot Corrector,The Pink Foundry,467,15,4.1
Dot & Key Vitamin C + E Super Bright Gel Face Wash,Dot & Key,214,14,4.4
"CeraVe Hydrating Cleanser Non-Foaming Face Wash for Dry Skin with Ceramides, Dermatologist Recommend",CeraVe,297,10,4.4
Wishcare Sunscreen Body Lotion SPF 50 Broad Spectrum PA+++ UVA & UVB Protection - Body Sunscreen,Wishcare,399,20,4.4
Glycolic Bright Glowing Day Cream SPF 30,L'Oreal Paris,759,5,4.3
Deconstruct Lightweight Gel Sunscreen SPF 55+ PA+++,Deconstruct,314,10,4.4
Plum 15% Vitamin C Face Serum with Mandarin for Glowing Skin with Pure Ethyl Ascorbic Acid,Plum,703,11,4.4
Minimalist 2% Alpha Arbutin Face Serum With Butylresorcinol & Ferulic Acid For Hyperpigmentation,Minimalist,522,5,4.4
Reequil 0.1% Retinol Night Creamtreat For Wrinkles & Skin Tightening,Re'equil,375,5,4.3
Dot & Key Barrier Repair + Hydrating Gentle Face Wash,Dot & Key,214,14,4.5
"Dot & Key Cica Salicylic & Green Tea Facewash For Acne Prone Skin, Cleanses Pores & Excess Oil",Dot & Key,214,14,4.4
"Plum BodyLovin' Vanilla Caramello Bestselling Body Lotion for Dry, Normal & All Skin type",Plum,409,14,4.5
The Face Shop Rice & Ceramide Moisturizer - Korean Day Cream for Barrier Repair & Glass Skin Glow,The Face Shop,988,5,4.4
Embryolisse Lait-Creme Concentre,Embryolisse,1373,10,4.5
The Derma Co 10% Vitamin C Face Serum Reduces Pigmentation & Glowing Skin For All Skin Types,The Derma Co,571,12,4.3
Aqualogica Glow+ Dewy Lightweigh Sunscreen Gel SPF 50+ PA++++ with Papaya & Vitamin C,Aqualogica,404,10,4.4
"Clinique Moisture Surge Active Glow Serum with Vitamin C, Lactic Acid & Hyaluronic Acid",Clinique,4500,0,5.0
Cetaphil Brightening Night Protection Cream With Niacinamide Reduces Dark Spots- Dermatologist Tested,Cetaphil,1169,10,4.3
"The Face Shop Rice & Ceramide Moisturizing Emulsion, Locks Skin Moisture & Strengthens Skin Barrier",The Face Shop,941,5,4.5
The Derma Co Sali-Cinamide Anti-Acne Face Wash with 2% Salicylic Acid & 2% Niacinamide,The Derma Co,232,7,4.4
Vaseline Gluta Hya Antioxidant SPF 50 PA+++ Sunscreen,Vaseline,489,30,4.5
Nykaa Wanderlust Fragrance Moisturising Body Lotion,Wanderlust,440,20,4.4
"Plum 2% Niacinamide Face Wash With Rice Water For Oily Skin, Brightens & Hydrates",Plum,272,9,4.4
Dot & Key CSMS Vitamin C Bestseller Combo,Dot & Key,1387,20,4.4
Aminu Eye Serum,Aminu,1850,0,4.4
"Deconstruct 10% Vitamin C Face Serum with 0.5% Ferulic Acid, for Glowing Skin, Beginner-friendly",Deconstruct,615,23,4.3
"Anua Niacinamide 10 Txa 4 Serum, Brightening Korean Serum For Dark Spots & Hyperpigmentation",Anua,2000,0,4.6
"Plum BodyLovin' Vanilla Caramello Bestselling Body Lotion for Dry, Normal & All Skin type",Plum,409,14,4.5
Kama Ayurveda Pure Rose Water (Toner),Kama Ayurveda,1775,0,4.5
Dot & Key Blueberry Hydrating Barrier Repair Face Sunscreen SPF 50+ PA++++ - 100% No White Cast,Dot & Key,387,13,4.4
Dot & Key Cica Calming Niacinamide Face Sunscreen SPF 50 PA+++ For Oily Acne Prone & Sensitive Skin,Dot & Key,387,13,4.3
"Cetaphil Sun SPF 50+ Light Gel Very High Protection Mineral Base for All Skin Types, Sensitive Skin",Cetaphil,1064,10,4.3
Bobbi Brown Vitamin Enriched Face Base (Moisturizer & Primer),Bobbi Brown,7450,0,4.5
Minimalist 10% Vitamin C Serum For Face For Glowing Skin For Beginners,Minimalist,284,5,4.4
Beauty Of Joseon Glow Deep Serum For Pigmentation - Rice + Arbutin,Beauty of Joseon,1490,0,4.4
NIVEA Deep Moisture Serum Vit E Body Lotion 48H Intense Moisturization Almond Oil Dry - Very Dry Skin,NIVEA,570,25,4.5
Klairs Freshly Juiced Vitamin Drop - Pure Vitamin C Serum,Klairs,1413,10,4.3
Vaseline Lip Tins,Vaseline,221,25,4.5
Minimalist 8% Glycolic Acid Toner For Exfoliates Smoothes Skin,Minimalist,474,5,4.4
Foxtale Brightening Vitamin C Face Serum With L-Ascorbic Acid And Vitamin E For Glowing Skin,Foxtale,476,20,4.2
The Ordinary Multi-Peptide + Copper Peptides 1% Serum,The Ordinary,2950,0,4.5
Clayco Rice & Sake Sleeping Mask Night Gel Cream With Vitamin C For Brightening & Hydration,ClayCo,1099,0,4.4
Dot & Key Retinol + Ceramide Sleep Treatment Anti-Ageing Night Cream For Fine Lines & Wrinkles,Dot & Key,570,18,4.4
Dot & Key Barrier Repair Hydrating Lip Balm SPF 50 With Ceramides & Peptides Strawberry Red,Dot & Key,199,20,4.4
52 Sundaze SPF 50+ Rosewater Sun Mist,52 Sundaze,679,15,4.6
"Bioderma Atoderm Creme Ultra-Nourising Moisturising Cream Boosts Hyaluronic Acid, Ceramides",Bioderma,629,10,4.5
Minimalist Vitamin K + Retinal 01% Under Eye Cream With Caffeine 03% For Dark Circle & Puffiness,Minimalist,474,5,4.3
Cetaphil DailyAdvance Ultra Hydrating Lotion,Cetaphil,636,9,4.4
Murad Vita - C Glycolic Serum,Murad,7500,0,4.3
Bioderma Cleanser - Sebium Gel Moussant - Acne Defence Cleanser For Oily Acne Prone Skin,Bioderma,809,10,4.5
Dot & Key Strawberry Bright 10% Niacinamide Face Serum,Dot & Key,521,13,4.6
The Derma Co 10% Niacinamide Face Serum For Acne Marks,The Derma Co,527,12,4.3
Minimalist Retinol 0.3% Face Serum,Minimalist,569,5,4.4
Brightening Body Wash With Glycolic Acid & Niacinamide For Glowing Skin,Foxtale,319,20,4.4
TONYMOLY Korean Pureness Face Sheet Mask,TONYMOLY,100,0,4.5
Wanderlust Peach & Almond Hand and Nail Cream with Avocado + Hyaluronic Acid,Wanderlust,199,33,4.3
Innisfree Pore Clearing Clay Mask 2X With Volcanic Clusters,Innisfree,880,20,4.5
AXIS-Y Dark Spot Correcting Glow Serum,AXIS-Y,1550,0,4.4
"Be Bodywise Pigmentation Removal Cream With 2.5% Lactic Acid, 2% Urea, Retinol - Treats Dark Patches",Be Bodywise,549,15,4.3
L'Oreal Paris Revitalift Hydrating Serum With 1.5 % Hyaluronic Acid,L'Oreal Paris,849,15,4.4
"VILVAH Milk Drops Skin Brightening Serum With Rice Milk, Marine Algae Extract & Alpha-Arbutin",VILVAH,640,0,4.2
Dot & Key Cica Niacinamide & Ceramides Oil-Free Face Moisturizer For Acne Prone & Oily Skin,Dot & Key,426,14,4.4
Wishcare 10% AHA Blend + 1% Salicylic Acid Glycolic & Lactic Acid Body Lotion With Niacinamide For De Tan,Wishcare,399,20,4.4
ClayCo Matcha Enzyme Dead Skin Removal Scrub,ClayCo,799,0,4.2
"CeraVe Moisturizing Body Lotion for Normal to Dry skin with Ceramides, Dermatologist recommended",CeraVe,1663,5,4.5
Raaga Professional De-Tan Removal Cream,Raaga Professional,373,10,4.4
"Hyphen All I Need Sunscreen SPF50 PA++++, Brightens -Niacinamide Vit C Rich Kakadu Plum",Hyphen,427,5,4.1
Simple Refreshing Facial Wash Combo,Simple,689,18,4.5
Aqualogica Radiance+ Dewy Lightweight Sunscreen Gel SPF 50+ PA+++ for Oily & Acne-Prone Skin,Aqualogica,404,10,4.4
Plum Green Tea Pore Cleansing Gel Face Wash With Glycolic Acid - Fights Acne & Oil For Clear Skin,Plum,320,11,4.5
"O3+ D-TAN Face Pack for Tan Removal, Brightening & Glow Boosting | For All Skin Types",O3+,772,7,4.3
The Face Shop Real Nature Face Mask,The Face Shop,100,0,4.5
The Derma Co Sali-Cinamide Anti-Acne Face Wash with 2% Salicylic Acid & 2% Niacinamide,The Derma Co,232,7,4.4
"Vaseline Cocoa Glow Serum In Lotion, 600 ml , 100% Pure Cocoa & Shea Butter for Glowing & Soft Skin",Vaseline,519,35,4.5
Foxtale 12% Niacinamide Clarifying Serum Acne & Blemish Control,Foxtale,516,20,4.3
Minimalist Daily Skincare Routine For Oily & Acne Prone Skin CSMS Combo,Minimalist,1481,10,4.4
Bioderma Pigmentbio Foaming Cream Brightening Exfoliating Cleanser,Bioderma,899,10,4.4
Foxtale Oil Balancing Moisturizer Azelaic Acid & Niacinamide,Foxtale,387,13,4.6
Be Bodywise 20% Urea Foot & Heel Roll On For Dry Feet & Cracked Heels With Urea & Lactic Acid,Be Bodywise,399,0,4.6
Bioderma Dermatological Micellar Water Sensibio H2O - Gently Removes Makeup Prevents Clogged Pores,Bioderma,1039,20,4.6
Minimalist 16% Vitamin C Face Serum With Vitamin E & Ferulic Acid For Advanced Users,Minimalist,569,5,4.3
"Innisfree Super Volcanic Pore Clay Mask 2X For Clogged Pores, Oil Control, Excess Sebum & Blackhead",Innisfree,880,20,4.5
Beauty Of Joseon Glow Serum - Propolis + Niacinamide,Beauty of Joseon,1490,0,4.4
Plum BodyLovin' Vanilla Vibes Body Oil - Intense Moisture & Instant Glow,Plum,257,14,4.5
"Bioderma Niacinamide Moisturizer - Atoderm Creme Ultra-Boosts Hyaluronic Acid, Ceramides",Bioderma,1169,10,4.5
"CeraVe Moisturizer For Dry Skin, Barrier Repair Cream with Ceramides, Dermatologist recommended",CeraVe,1442,7,4.5
The Derma Co 1% Kojic Acid Face Wash I Reduces Dark Spots & Pigmentation | Cleanses & Brightens Skin,The Derma Co,275,8,4.3
inde wild Dewy Lip Balms - Wedding Rose,inde wild,703,12,4.5
Cetaphil Brightening Radiance Creamy Cleanser With Niacinamide Reduces Dark Spots Dermatologist Tested,Cetaphil,719,10,4.4
Beauty of Joseon Red Bean Refreshing Pore Mask,Beauty of Joseon,1740,0,4.5
"Olay Retinol Anti Ageing Night Cream For Youthful Looking Skin, No Irritation, Fragrance Free",Olay,1299,35,4.4
ISDIN Fotoprotector Fusion Water Sunscreen SPF 50 UVB/UVA,ISDIN,2190,0,4.6
"Hyphen Tinted Lip Balm - Hazel, 1% Vit E, 2% Squalane & Peptides, Brightens, Moisturizes Dry Lips",Hyphen,379,5,4.1
"Vaseline Sun Protect SPF 30 Body Lotion, Reduces Tan Lines in 7 Days, UVA + UVB PA+++",Vaseline,479,45,4.4
COSRX The 6 Peptide Skin Booster Serum,COSRX,2050,0,4.5
Pilgrim 25% AHA 2% BHA 5% PHA Face Peeling Solution for Acne Scars,Pilgrim,548,15,4.3
Mamaearth Rice Face Wash With Rice Water & Niacinamide for Glass Skin,Mamaearth,242,10,4.4
"Dr. Sheth's Ceramide & Vitamin C Oil - Free Moisturizer to Hydrate, Brighten Skin",Dr. Sheth's,314,10,4.4
SKIN1004 Madagascar Centella Light Cleansing Oil,SKIN1004,629,10,4.4
Dot & Key 72Hr Hydrating Lightweight Gel Face Moisturizer With Hyaluronic Acid & Probiotics,Dot & Key,426,14,4.5
The Derma Co 2% Salicylic Acid Face Serum,The Derma Co,449,10,4.3
Cetaphil Brightening Day Protection Cream With Spf 15 Niacinamide Reduces Dark Spots-Dermatologisttested,Cetaphil,1169,10,4.2
Dot & Key Watermelon & Vitamin C SuperGlow Gel Face Wash For Glowing Skin & Spots Reduction,Dot & Key,214,14,4.4
Swiss Beauty Hydra Eye Serum Patches,Swiss Beauty,279,20,4.3
Raaga Professional De Tan Removal Creme With Kojic & Milk(500 gm),Raaga Professional,1346,10,4.4
Dot & Key Under Eye Cream,Dot & Key,406,18,4.3
Hyphen Golden Hour Glow Serum 56% Glow Hyphened All Skin Types,Hyphen,591,9,4.3
I'm From Rice Toner,I'm From,504,10,4.4
NIVEA Soft Vit E Light Non Sticky Face Moisturiser Cream Fresh & Hydrated Skin For All Skin Types,NIVEA,300,25,4.5
Ethiglo Skin Lightening Face Wash,Ethiglo,260,0,4.4
"Minimalist 2% Hyaluronic Acid + PGA Face Serum For Deep, Multilevel Hydration",Minimalist,569,5,4.5
Minimalist 10% Niacinamide Face Serum With Matmarine + Zinc For Reducing Oil & Blemishes,Minimalist,249,0,4.4
"CeraVe SA Smoothing Cleanser For Dry, Rough & Bumpy Skin, Face wash with Salicylic Acid & Ceramides",CeraVe,1163,7,4.4
Minimalist 5% Niacinamide Face Serum With Bifida Ferment & Oat Extract For Healing & Soothing Skin,Minimalist,569,5,4.4
The Ordinary Salicylic Acid 2% Solution,The Ordinary,600,0,4.4
LANEIGE Water Sleeping Mask EX,LANEIGE,1792,20,4.5
Biodance Bio-Collagen Real Deep Mask,Biodance,380,0,4.4
Celimax The Vita-A Retinal Shot Tightening Korean Booster,Celimax,2199,0,4.8
Nykaa Naturals Cleansing + Hydrating Face Wash,Nykaa Skin,223,20,4.3
Nykaa Naturals Skin Secrets Active Skin Solutions Sheet Mask,Nykaa Skin,80,20,4.5
Vaseline Intensive Care Deep Moisture Body Lotion,Vaseline,488,35,4.5
"Plix 1.20% Retinol & 1% Bakuchi Oil Pomegranate Anti Ageing Night Cream, Reduce Fine Line & Wrinkles",Plix,479,13,4.2
Conscious Chemist Daily Dissolve Ultra Light Makeup Remover Oil Cleanser For All Skin Type,Conscious Chemist,419,30,4.3
DOT & KEY GLOSS BOSS LIP BALM VITAMIN C + E SPF 50 CARAMEL KISS - 12G,Dot & Key,199,20,4.2
Lotus Professional Phyto-Rx Whitening & Brightening Creme SPF 25 PA+++,Lotus Herbals,644,18,4.4
Dove Deep Moisture Body Wash,Dove,392,30,4.5
Neutrogena Oil Free Acne Cleansing Face Wash with 2% Salicylic Acid for Acne Prone & Oily Skin,Neutrogena,749,12,4.3
Minimalist Light Fluid SPF 50 Face Sunscreen,Minimalist,474,5,4.4
The Ordinary Hyaluronic Acid 2% + B5,The Ordinary,1000,0,4.5
Beauty of Joseon Dynasty Cream,Beauty of Joseon,2090,0,4.4
The Face Shop Rice & Ceramide Face Toner - Korean Beauty Skincare for Moisture & Brightness,The Face Shop,854,5,4.4
Chemist At Play 3% AHA Gentle Exfoliating Face Scrub For Dead Skin & Blackheads,Chemist at Play,299,14,4.6
Re'equil Ceramide & Hyaluronic Acid Moisturiser For Normal To Dry Skin,Re'equil,280,5,4.4
Minimalist 7% ALA & AHA Brightening Face Wash With Vitamin B5 & Glycolic acid For Glowing Skin,Minimalist,379,5,4.3
"NIVEA Cell Repair 50X Vit C Sunscreen Natural Glow Body Lotion Reduces Tan, Brightens - Uva & Uvb",NIVEA,516,20,4.4
Beauty of Joseon Ginseng Essence Water,Beauty of Joseon,1570,0,4.5
LANEIGE Bouncy And Firm Sleeping Mask,LANEIGE,2080,20,4.5
"Bioderma Moisturizer Sebium Hydra for Oily, Acne-Prone Skin with Ceramides for 24H Hydration",Bioderma,1076,10,4.5
Foxtale Super Glow Face Wash Vitamin C + Papaya Enzyme,Foxtale,224,10,4.5
Sanfe Deep Purifying Nose Strips for Women Pack of 6 with Fuji Green Tea & Witch Hazel Extracts,Sanfe,122,28,4.2
The Ordinary Retinol 0.5% In Squalane,The Ordinary,875,0,4.4
The Face Shop Pomegranate & 10% Collagen Korean Beauty Moisturizer - Anti Aging Day & Night Cream,The Face Shop,2115,10,4.4
"Hyphen Ice Dunk Cooling Face Mask - 31% Cooling Actives, 3% Caffeine - Instant Depuff",Hyphen,569,5,4.5
The Ordinary Azelaic Acid Suspension 10%,The Ordinary,1150,0,4.3
Wishcare Ceramide Lip Balm With SPF 50 PA+++ Kojic Acid & Niacinamide For Lip Lightening Natural,Wishcare,248,17,4.4
"Plum Green Tea Toner With Glycolic Acid - Tightens Pores, Fights Pimples & Controls Oil Alcohol-Free",Plum,382,9,4.4
LANEIGE Cream Skin Cerapeptide Refiner,LANEIGE,810,10,4.5
Foxtale Nourishing Moisturiser With Niacinamide & Vit E for 24Hr Hydration,Foxtale,212,15,4.3
Cetaphil Brightness Refresh Toner Bright Healthy Radiance With Niacinamide Reduces Dark Spots Dermatologist Tested,Cetaphil,989,10,4.4
Garnier Skin Naturals Micellar Oil-Infused Cleansing Water For Cleansing & Make-Up Remover | 125ml,Garnier,234,15,4.6
Forest Essentials Soundarya Radiance Cream With 24K Gold And SPF25,Forest Essentials,6850,0,4.4
Chemist at Play Exfoliating Natural AHAs Body Scrub For Removing Tan & Dead Skin Cells-Coffee Body Scrubs,Chemist at Play,299,14,4.5
Chemist at Play Vitamin C Neck Knee Elbow Brightening Roll On for Men & Women,Chemist at Play,315,10,4.2
Fixderma Shadow Sunscreen SPF 50+ Gel For Oily Skin,Fixderma,544,15,4.4
NIVEA Tinted Lip Balm With Natural Oils & 24H Melt-In Moisture Cherry Shine,NIVEA,208,20,4.4
"Dot & Key 10% Niacinamide + Cica Face Serum For Oily, Acne Prone Skin & Dark Spots Reduction",Dot & Key,383,15,4.3
Nykaa Cosmetics Lip Crush Macaron Lip Balm,Nykaa Cosmetics,224,25,4.3
"Dot & Key Vitamin C Super Bright Foaming Face Wash For Glowing Skin, Oily & Dry Skin, Sulphate Free",Dot & Key,236,20,4.3
Plum Bulgarian Valley Rose Water Toner,Plum,204,20,4.4
"Foxtale Brightening Lip Balm With Peptides, Vitamin C & Hyaluronic Acid - Pink Glaze",Foxtale,226,18,4.4
Ahaglow Advanced Face Wash Gel,Ahaglow,537,5,4.4
"TONYMOLY Korean Wonder Rice Smoothing Toner-Hydrates, Brightens, Clarifies Dry & Combination Skin",TONYMOLY,1275,15,4.5
Pilgrim 10% Vitamin C Face Serum For Daily Brightness,Pilgrim,463,15,4.5
Minimalist 5% Marula Oil Moisturizer With Hyaluronic Acid & Vitamin F & E For Dry Skin,Minimalist,284,5,4.4
Nykaa Naturals Skin Secrets Indian Rituals Sheet Mask,Nykaa Skin,70,30,4.5
Foxtale Vitamin-C Super Glow Moisturiser With Niacinamide & Peptides For Glowing Skin,Foxtale,347,22,4.3
"Foxtale Hydrating Cleanser And Make-Up Remover, With Hyaluronic Acid",Foxtale,269,23,4.4
"Olay Total Effects Day Cream With Spf 15, Fights 7 Signs Of Ageing With Niacinamide",Olay,899,10,4.4
Dot & Key Ceramide & Peptide Barrier Repair SPF 50 PA+++ Tinted Lip Balm For Plump Lips,Dot & Key,189,24,4.4
"Ponds Bright Beauty Facewash with Niacinamide, For Glass Skin-like Shine",Ponds,249,45,4.4
Dr. Sheth's Kesar and Kojic Acid Sunscreen with SPF 50+ PA++++ for Pigmentation and All Skin Types,Dr. Sheth's,629,10,4.3
Deconstruct Brightening Lip Balm With 1% Vitamin C & 0.1% Resorcinol SPF 30+ Hydrates & Brightens Dry & Pigmented Lips,Deconstruct,189,5,4.2
The Derma Co 1% Salicylic Acid Face Wash for Active Acne with Salicylic Acid & Witch Hazel,The Derma Co,275,8,4.3
"Plix 0.5% Salicylic Acid Jamun Face Wash Cleanser For Active Acne & Oil Control, Acne Breakouts",Plix,329,12,4.3
"O3+ Bridal Radiant Facial Kit With Hyaluronic & Niacinamide For Glowing Skin, For All Skin Types",O3+,921,7,4.4
Episoft AC Moisturiser SPF 30 With Microencapsulated Sunscreen,Episoft,597,12,4.5
Neutrogena Visible Repair Retinol + Peptide Anti-Ageing Day & Night Cream For Wrinkles & Fine Lines,Neutrogena,1470,13,4.3
Foxtale Dewy Sunscreen SPF 70 PA++++ With Niacinamide + Provitamin B5 + Vitamin E,Foxtale,421,15,4.3
Lakme Absolute Perfect Radiance Serum With 7% Pure Niacinamide For 2X Skin Brightening,Lakme,454,30,4.3
Minimalist 10% Multi Peptide Face Serum For Anti Aging & Collagen Boost With Bio-Placenta,Minimalist,664,5,4.4
Caudalie Vinoperfect Brightening Dark Spot Serum,Caudalie,6250,0,4.4
"Olay Super Collagen Peptides Moisturizer For Firm & Lifted Skin, Reduces 5 Signs Of Ageing",Olay,1399,30,4.9
Minimalist 3% Tranexamic Acid Face Serum For Melasma- Acne Scars- Hyperpigmentation Or Erythema (PIH/PIE),Minimalist,617,5,4.3
The Ordinary Ascorbyl Glucoside Solution 12% (Vitamin C),The Ordinary,1450,0,4.4
Garnier Vitamin C + Face Serum for Skin Brightening with 2% Niacinamide & 0.5% Salicylic Acid,Garnier,740,20,4.3
"Anua Heartleaf Pore Control Cleansing Oil Removes Makeup, Excess Sebum, Blackheads & Clogged Pores",Anua,1650,0,4.8
"Plum Green Tea Night Gel Cream With Glycolic Acid, Fights Acne For Clear, Oil-Free, Youthful Skin",Plum,523,9,4.4
The Ordinary Alpha Arbutin 2% + HA Face Serum,The Ordinary,1200,0,4.6
Innisfree Volcanic Clusters Foaming Pore Cleanser For Clogging Impurities,Innisfree,640,20,4.5
Estee Lauder Revitalizing Supreme+ Youth Power Creme Moisturizer with Hyaluronic Acid & Caffeine,Estee Lauder,11700,0,4.5
"PLIX 5% Pineapple Foaming Facewash For Depigmentation, For Skin Brightening & Even Toned Complexion",Plix,329,12,4.2
Cetaphil Baby Daily Lotion With Shea Butter Vitamin E & Pro Vitamin B5,Cetaphil,884,7,4.5
"Kiehl's Ultra Facial Cream With 24 Hour Hydration - Moisturizer For Softer, Hydrated Skin",Kiehl's,3000,0,4.5
Anua Azelaic Acid 10 Hyaluron Redness Soothing Serum with Cica Soothes & Calms Acne-Prone Skin,Anua,2000,0,4.8
The Ordinary Caffeine Solution 5% + EGCG,The Ordinary,900,0,4.3
Plum 10% Vitamin C Barrier Boosting + Glow Serum with Calendula For Glowing Skin,Plum,591,9,4.6
Dot & Key Watermelon & Glycolic Super Glow Pore Tightening Toner For Uneven Skintone,Dot & Key,320,19,4.3
Plum Besteller Niacinamide CSMS Combo for Bright & Non-Oily Hydration,Plum,1336,15,4.4
COSRX AHA/BHA Clarifying Treatment Toner,COSRX,1090,0,4.4
"TONYMOLY Korean Wonder Ceramide Mochi Toner-Hydrates, Softens, Nourishes Dry & Combination Skin",TONYMOLY,575,0,4.5
The Derma Co Sali-Cinamide Anti-Acne Face Wash with 2% Salicylic Acid & 2% Niacinamide,The Derma Co,395,12,4.4
Cetaphil Pro Oil Control Foam Face Wash For Oily Sensitive Skin,Cetaphil,977,7,4.4
Foxtale SPF 70 Gel-Cream Sunscreen for Oily Skin with PA++++ & Niacinamide,Foxtale,506,15,4.4
MCaffeine Coffee Under Eye Cream for Dark Circle & Puffiness Reduction with Hyaluronic Acid & Vit E,MCaffeine,297,15,4.1
"Lakme Matte Sunscreen SPF 50 PA+++, Niacinamide,UVA/B Protection,For Normal To Oily Skin",Lakme,438,30,4.3
Clinique Take The Day Off Cleansing Balm (Makeup Remover),Clinique,3800,0,4.6
"Aveeno Daily Moisturising Lotion - Natural Oat Body Moisturizer For Normal, Dry & Sensitive Skin",Aveeno,1099,13,4.5
Chemist At Play Lactic Acid Exfoliating Body Wash (236)& AHA Underarm Roll OnShower gel & Deo Combo,Chemist at Play,649,19,4.5
PIXI Glow Tonic Exfoliating Toner With Glycolic Acid,PIXI,1550,0,4.4
"Be Bodywise 5% Lactic Acid Body Lotion - For 24H Moisturization, Improved Skin Texture, Smooth Skin",Be Bodywise,399,20,4.3
Himalaya Purifying Neem Face Wash,Himalaya,449,25,4.5
Plix 2% Alpha Arbutin Pineapple Serum for Pigmentation & Dark Spot Reduction,Plix,529,8,4.1
"Lakme Peach Pro Ceramide Moisturizer, For Dry Skin, Normal Skin & Sensitive Skin",Lakme,427,40,4.5
Aroma Magic Under Eye Gel Brightens And Refreshes,Aroma Magic,212,10,4.2
Minimalist 6% Oat Extract Gentle Cleanser With Hyaluronic Acid For Sensitive Skin,Minimalist,284,5,4.4
"Dr. Sheth's Ceramide & Vitamin C Oil - Free Moisturizer to Hydrate, Brighten Skin",Dr. Sheth's,314,10,4.4
Dot & Key Anti-Acne Salicylic Green Clay Face Mask For Dark Spots Redution & Balances Oil & Sebum,Dot & Key,468,15,4.4
"Plix Jamun Skincare Combo With Cleanser, Toner, Serum, Moisturizer & Spot Corrector For Women & Men",Plix,1350,40,4.3
Nykaa Wanderlust Body Scrub,Wanderlust,263,25,4.4
PLIX 10% Vitamin C Guava Face Serum for Skin Brightening & Even tone with Hyaluronic acid & Pentavitin,Plix,569,5,4.0
"Wishcare Super Bright C16 Vitamin C Face Serum - Niacinamide, Kojic Acid & 4-n-BR For Pigmentation",Wishcare,601,14,4.6
"The Derma Co 1% Hyaluronic Long Lasting Sunscreen SPF 50, PA++++ |6 hrs. Sun Protection For All skin",The Derma Co,571,12,4.3
Himalaya Moisturizing Aloe Vera Face Gel,Himalaya,72,20,4.4
Estee Lauder Advanced Night Repair Eye Supercharged Gel Creme With Hyaluronic Acid (Under Eye Care),Estee Lauder,5800,0,4.3
Minimalist 3% Polyhydroxy PHA Face Toner With Multi Biotics For Minimizing Pore Size & Hydrating Skin,Minimalist,474,5,4.4
Fixderma Nigrifix Cream,Fixderma,405,10,4.1
Biotique Morning Nectar Nourish & Hydrate Moisturizer,Biotique,319,25,4.4
Olay Regenerist Mico Sculpting Day Cream For Plump-Bouncy Skin With Hyaluronic Acid & Niacinamide,Olay,1619,10,4.4
Plum BodyLovin' Lily Miss Sunshine Sunscreen Body Lotion SPF 35 PA+++ For Tan Reduction & Hydration,Plum,366,14,4.5
"Plum 5% Niacinamide Face Serum With Amino Acid - Fades Blemishes For Bright Skin, Beginner-Friendly",Plum,545,9,4.4
Forest Essentials Facial Tonic Mist Pure Rosewater,Forest Essentials,1350,0,4.5
The Derma Co 15% AHA + 1% BHA Peeling Solution for Beginners for Glowing Skin In 10 Minutes,The Derma Co,449,10,4.3
Dot & Key Watermelon Cooling Icy Gel Moisturizer,Dot & Key,426,14,4.6
"Plum Green Tea Oil-Free Moisturizer With Niacinamide For Oily, Acne Prone Skin",Plum,428,9,4.4
Minimalist 25% AHA + 5% PHA + 2% BHA Exfoliating Peel Solution For Instant Glow & Soft Skin,Minimalist,664,5,4.4
Vaseline Gluta-Hya Dewy Radiance & Overnight Radiance Combo,Vaseline,515,30,4.4
"Deconstruct 5% Niacinamide Face Serum with Alpha Arbutin, For Acne Marks, Beginner Friendly",Deconstruct,573,18,4.3
Sol de Janeiro Bum Bum Jet Set,Sol de Janeiro,3200,0,4.4
Nykaa Skin Secrets Tea Tree & Salicylic Acid Acne Spot Patch,Nykaa Skin,75,25,4.0
Paula's Choice Skin Perfecting 2% Bha Liquid Exfoliant,Paula's Choice,3100,0,4.4
Minimalist 8% L-Ascorbic Acid Lip Treatment Balm,Minimalist,379,5,4.1
Bioderma Anti-Itching Balm-Atoderm Intensive Baume-Ceramides & Canola Oil-Eczema Prone Skin,Bioderma,1529,10,4.5
"Plix Vitamin C Face Wash Cleanser For Skin Brightening, Pro Vit B5 & Alpha Lipoic Acid For Skin Glow",Plix,351,12,4.2
L'Oreal Paris Hyaluronic Acid Line Filling Water Cream with Ceramides for Hydration & Barrier Repair,L'Oreal Paris,849,15,4.4
Sanfe Promise Face Acne Patch - Pack of 36 Pimple Healing Patch Absorbing Cover,Sanfe,123,27,4.0
"The Face Shop Rice Water Bright Foaming Cleanser, Face Wash For Glowing Skin & Even Skin Tone",The Face Shop,370,0,4.3
Wishcare Pure & Natural Kannauj Rose Water For Skin Face & Hair - Rose Water Spray Face Toner,Wishcare,347,13,4.5
"Cetaphil Hydrating Foaming Face Wash For Men, Cleanser With Niacinamide & Aloe Pollution Defense",Cetaphil,956,9,4.5
COSRX Low pH Good Morning Gel Cleanser,COSRX,850,0,4.5
Dot & Key Vitamin C + E CSMS Routine for All Skin Types,Dot & Key,1507,20,4.4
Charlotte Tilbury Charlotte's Magic Cream,Charlotte Tilbury,6800,0,4.4
Dot & Key Watermelon Cooling Sunscreen Body Spray With SPF 50+ PA+++,Dot & Key,536,10,4.4
"The Face Shop Rice Water Bright Light Cleansing Oil, Makeup Remover On Heavy Makeup & Impurities",The Face Shop,549,0,4.4
Dot & Key Cica + Niacinamide C + E CSMS Routine for Oily & Acne Prone Skin,Dot & Key,1430,20,4.4
Ponds Super Light Gel Oil Free Moisturiser With Hyaluronic Acid + Vitamin E - Pack Of 2,Ponds,797,33,4.5
Aqualogica Detan+ Dewy Lightweight Sunscreen Gel SPF 50+ PA++++ for Normal & Dry Skin,Aqualogica,404,10,4.4
"The Derma Co 2% Kojic Acid Face Serum for Dark spots reduction, Pigmentation & Blemishes",The Derma Co,237,5,4.2
Biotique Bio Cucumber Pore Tightening Toner With Himalayan Waters,Biotique,208,20,4.3
"Hyphen Tinted Lip Balm - Marshmallow, 1% Vit E, 2% Squalane & Peptides, Brightens & Moisturizes",Hyphen,379,5,4.2
The Derma Co 1% Kojic Acid Lip Balm with SPF 30 PA++ for Pigmentation and Dry Lips,The Derma Co,296,10,4.2
"Neutriderm Moisturising Face & Body Lotion For Dry, Aging, Wrinkles, Acne, Red Skin With Vitamin E",Neutriderm,1000,0,4.5
"Dot & Key Vitamin C + E Lip Plumping Mask For Soothes Dryness, Pigmentation & Glowing Lips",Dot & Key,207,20,4.3
"Deconstruct Oil-Free Moisturizer With 3% NMF Complex & 0.2% Panthenol, Lightweight & Hydrating",Deconstruct,321,8,4.3
Dr. Althea 345 Relief Cream,Dr.Althea,2499,0,4.9
"Dot & Key Strawberry Dew Do-It-All Moisturizer Niacinamide, Peptides & Hyaluronic acid, Non-Sticky",Dot & Key,347,13,4.4
Minimalist Vitamin B12 + Repair Complex 5.5% Face Moisturizer With Ceramides for Barrier Repair,Minimalist,379,5,4.6
Dr. Sheth'S Haldi & Hyaluronic Acid Sunscreen Spf 50+ Pa+++ For All Skin Type,Dr. Sheth's,449,10,4.4
Foxtale Overnight Glow Mask Glycolic & Lactic Acid,Foxtale,476,20,4.2
"Dr. Sheth's Ceramide & Vitamin C Oil - Free Moisturizer to Hydrate, Brighten Skin",Dr. Sheth's,527,12,4.4
Ponds Light Moisturiser Non-Oily Fresh Feel With Vitamin E + Glycerine,Ponds,393,40,4.4
Chemist At Play AHA Body Lotion With Niacinamide Shea Butter Moisturizer For All Skin Types,Chemist at Play,369,8,4.5
Simple Kind to Skin Moisturizing Facewash Mild Face Wash for Sensitive Skin,Simple,357,15,4.4
La Shield Fisico SPF 50+ PA+++ Mineral Sunscreen No Chemical Filter For Sensitive Skin,La Shield,638,15,4.2
Biore UV Aqua Rich Watery Essence Sunscreen SPF 50+ PA++++,Biore,1070,0,4.5
"Forest Essentials Delicate Facial Cleanser Mashobra Honey, Lemon & Rosewater",Forest Essentials,1295,0,4.5
Lotus Herbals Whiteglow Skin Whitening & Brightening Gel Creme Spf 25 Pa+++,Lotus Herbals,377,18,4.5
Aestura Atobarrier365 Cream,Aestura,1400,0,4.7
NIVEA 48H Deep Moisture Care Cocoa Butter & Vit E Body Lotion For Very Dry Skin,NIVEA,452,20,4.5
O3+ Facialist Mask,O3+,155,0,4.4
Vaseline Healthy White Lightening Body Lotion,Vaseline,300,40,4.4
Hyphen 7% Ceramides-NMF Face Toner Essence | 5% Glass Skin Blend with Rice Water-100ml,Hyphen,470,5,4.5
DIOR Addict Lip Glow,DIOR,4400,0,4.5
"Foxtale 0.15% Encapsulated Retinol Night Serum Boosts Collagen, Treats Fine Lines & Wrinkles",Foxtale,479,20,4.3
"Heliocare Color Gel Cream Tinted Sunscreen SPF 50 Uva & Uvb Protection, No White Cast, Dewy Finish",Heliocare,1650,0,4.5
Beauty of Joseon Glow Replenishing Rice Milk,Beauty of Joseon,1570,0,4.5
Pilgrim 10% Niacinamide Face Serum For Acne Marks,Pilgrim,506,15,4.7
Conscious Chemist Berry Bright Niacinamide Sunscreen SPF 50 PA++++ With Water Resistant & No White Cast,Conscious Chemist,349,30,4.4
Beauty of Joseon Ginseng Cleansing Oil,Beauty of Joseon,1740,0,4.4
Victoria's Secret Bare Vanilla Fragrance Lotion,Victoria's Secret,1874,25,4.4
Cetaphil Gentle Cleansing & Moisturizing Combo,Cetaphil,1010,8,4.5
"Lakme Sun Expert Tinted Sunscreen SPF 50 PA +++, Broad Spectrum UVA/B protection",Lakme,438,30,4.3
"DHC Beauty Deep Cleansing Oil, Makeup Remover For All Skin Types",DHC Beauty,578,2,4.4
"SunScoop Hydrating Face & Body Fluid Sunscreen Spray, SPF 60 PA++++, Sunscreen for Dry & Oily Skin",SunScoop,399,20,4.2
PLIX 2% Salicylic Acid Jamun Active Acne Control Dewy Serum for Active Acne & Dark Spot Reduction,Plix,479,9,4.2
"Nua Pimple Patch Acne Control, Hydrocolloid And Salicylic Acid 36 Patches",Nua,149,6,4.1
Clinique Moisture Surge Intense 72H Lipid-Replenishing Hydrator,Clinique,3550,0,4.4
LANEIGE Lip Care Set (Mango Lip Glowy Balm And Berry Lip Sleeping Mask),LANEIGE,999,0,4.6
"Plum E-Luminence Simply Supple Cleansing Balm- Non-Drying Face, Lip & Eye Waterproof Makeup Remover",Plum,523,9,4.5
O3+ Shine & Glow Facial Kit for Instant Glowing Skin | Unisex Facial Kit for All Skin Types,O3+,650,7,4.3
Minimalist Retinol 0.6% Anti Aging Mid-Strength Formula For Fine Lines & Wrinkles,Minimalist,617,5,4.4
"Nat Habit Natural Sun Dried Bath Loofah, Body Sponge, Scrubber for Men & Women, Sustainable Handmade",Nat Habit,190,20,4.3
Swiss Beauty Kiss Kandy Lip Balm,Swiss Beauty,101,15,4.4
Neutrogena Deep Clean Facial Cleanser Face Wash for Normal to Oily Skin,Neutrogena,460,12,4.4
"d'you Hustle Serum With 5% Niacinamide, Hyaluronic Acid, Vitamin C For Acne & Pigmentation",d'you,3200,0,4.3
Charlotte Tilbury Charlotte's Magic Serum Crystal Elixir,Charlotte Tilbury,8850,0,4.4
COSRX Bestseller Combo,COSRX,2790,10,4.5
Lakme Peach Milk Moisturizer Vitamin E + SPF 30 PA++,Lakme,329,40,4.4
Dermatouch Dailyglow Bright & Even Skin Tone Face Wash,Dermatouch,223,20,4.4
Glow & Lovely Advanced Multi Vitamin Face Cream,Glow & Lovely,70,0,4.4
Pilgrim Squalane Glow Moisturizer with Niacinamide & Vitamin C,Pilgrim,446,19,4.3
The Derma Co X Dr. V Skin Renew Peptide Retinol Serum Cream,The Derma Co,1519,5,4.5
LANEIGE Water Sleeping Mask EX,LANEIGE,638,25,4.5
Neutrogena Deep Clean Gentle Foaming Cleanser - Moisturizing Face Wash for Normal to Sensitive Skin,Neutrogena,304,12,4.5
Rom&nd Glasting Melting Lip Balm,Rom&nd,940,0,4.8
Lakme Blush & Glow Sheet Mask,Lakme,67,33,4.4
The Derma Co 5% Niacinamide Face Serum With Alpha Arbutin & Multivitamin For Clear & Spotless Skin,The Derma Co,449,10,4.3
"Deconstruct 5% Niacinamide + 2% Alpha Arbutin Serum for Acne Marks & Pigmentation,For All Skin Types",Deconstruct,573,18,4.3
Cosrx Master Patch Original Fit - Pack Of 24,COSRX,252,10,4.3
"Deconstruct Fluid Brightening Sunscreen SPF 50+ PA++++ for Dry Skin, Hydrating & 8-Hour Long-Lasting",Deconstruct,367,8,4.2
LANEIGE Lip Sleeping Mask Ex Gummybear,LANEIGE,540,10,4.7
Earth Rhythm Glow Surge Sunscreen Spray SPF 50,Earth Rhythm,279,20,4.2
"Foxtale Refreshing Face Wash with Niacinamide & Vitamin E, Deeply Cleans Pores and Soothes Skin",Foxtale,212,15,4.3
COSRX Aloe Soothing Sun Cream SPF 50+ PA+++,COSRX,1050,0,4.4
"Dot & Key Blueberry Hydrate 12% Barrier Boost Serum With Ceramides, Niacinamide & Hyaluronic Acid For Barrier Repair",Dot & Key,509,15,4.6
Venusia Max Moisturiser Lotion For Dry Skin Contains Shea Butter 24 hrs Moisturization,Venusia,688,22,4.4
"PLIX 2% Niacinamide Jamun Moisturizer to Reduce Pimples for Oily & Acne Prone Skin, With Witch Hazel",Plix,379,20,4.3
"Plix 2% Salicylic Acid Acne Spot Corrector Gel For Reducing Active Acne, Controls Oil and Acne Scars",Plix,379,16,4.1
The Derma Co 2% Salicylic Acid Serum With Witch Hazel & Willow Bark For Active Acne Day+Night,The Derma Co,237,5,4.3
Mamaearth Ubtan Face Wash With Turmeric & Saffron For Tan Removal,Mamaearth,351,12,4.4
Lakme Perfect Radiance Night Cream 50g with Niacinamide,Lakme,419,30,4.4
Kiehl's Clearly Corrective Dark Spot Solution With Activated C & Buffered Salicylic Acid,Kiehl's,2600,0,4.3
Nykaa Naturals Skin Secrets Bestseller Sheet Mask - Monthly Pack,Nykaa Skin,350,30,4.5
O3+ Professional Pedi Bright Feet Mask Socks - Foot Care Mask for Detan and Deep Moisturisation,O3+,189,5,4.3
The Derma Co Oil-free Daily Face Moisturizer With Hyaluronic Acid Ceramides For Hydrated Skin,The Derma Co,314,10,4.3
"Dot & Key Rice Water Hydrating Toner with Hyaluronic for Oily, Sensitive Skin, Alcohol-Free",Dot & Key,320,19,4.3
LANEIGE Water Bank Blue Hyaluronic Cream Moisturizer,LANEIGE,2320,20,4.5
Bioderma Sensibio Gel Moussant SLS Free Cleanser With Vitamin E-24h Hydration-Micellar Gel,Bioderma,1439,20,4.4
SUGAR POP Nourishing Lip Balm,SUGAR POP,118,21,4.3
Ponds Hydra Miracle Super Light Gel With Hyaluronic Acid & Salicylic,Ponds,296,5,4.9
L'Oreal Paris Glycolic Bright Daily Foaming Face Cleanser With Glycolic Acid For Dull Skin,L'Oreal Paris,329,0,4.4
"Pilgrim 2% Alpha Arbutin & 3% Vitamin C Brightening Serum, Fades Pigmentation & Brightens Skin",Pilgrim,521,25,4.3
"Bio-Oil Skincare Infused with Rosemary for Stretch Marks, Scars & Ageing",Bio Oil,513,18,4.3
Nykaa Cosmetics Peptide Butter Bomb Lip Balm,Nykaa Cosmetics,584,10,4.3
"Brightening Body Lotion SPF 30 With Niacinamide & Vitamin C, Tan Protection & Glowing Skin",Foxtale,399,20,4.4
Hyphen Golden Hour Glow Sunscreen SPF 50 PA++++ for Dewy & Bright Skin High UVA/B Protection,Hyphen,522,5,4.1
"Pineapple Depigmentation Regime With Face Wash, Toner, Serum & Moisturizer",Plix,1148,30,4.2
Lancome Genifique Ultimate Skin Repair Serum With Beta Glucan,Lancome,1360,15,4.9
Plix 2% Alpha Arbutin Pineapple Moisturizer With SymWhite PLUS For Hyperpigmentation & Dark Spots,Plix,479,9,4.2
Ponds Youthful Miracle Anti Aging Night Cream With Retinol C Niacinamide,Ponds,597,35,4.4
The Body Shop Tea Tree Skin Clearing Facial Wash,The Body Shop,582,35,4.4
Dot & Key Vitamin C + E In The Spotlight Strobe Cream,Dot & Key,297,14,4.3
Typsy Beauty Glaze Pout Polish Peptide Lip Treatment Balm,Typsy Beauty,664,5,4.4
"Kama Ayurveda Kumkumadi Youth - Revitalising Facial Oil, For Uneven Skin & Dark Spot Removal",Kama Ayurveda,1895,0,4.3
"Dr. Sheth's Liquorice & 8.8% Lactic Acid (AHA) Chemical Peel For Even-Toned, Glowing Skin I 30g",Dr. Sheth's,404,10,4.3
"Olay Retinol 24 Max Anti Ageing Night Cream, Visibly Reduces Wrinkles In 7 Nights, Fragrance Free",Olay,1429,35,4.4
SKIN1004 Madagascar Centella Poremizing Quick Clay Stick Mask,SKIN1004,1709,10,4.2
"The Derma Co Pore Minimizing Face Serum With 4% Niacinamide, 5% PHA And P-refinyl For Open Pores",The Derma Co,527,12,4.2
Minimalist HOCL Skin Purifying Spray-150 ppm Face & Body Spray,Minimalist,379,5,4.5
"Neutrogena Hydro Boost Hyaluronic Acid Water Gel Face Moisturizer Refill For Normal, Dry & Oily Skin",Neutrogena,990,0,4.6
"Lotus Herbals Youthrx Anti-Ageing Transforming Creme, SPF25 PA+++, With Gineplex Youth Compound",Lotus Herbals,644,18,4.4
PAC Aqua Blast - Water Based Moisturizer,PAC,895,0,4.4
Bioderma Shower Oil - Atoderm Huile De Douche With Niacinamide,Bioderma,2295,10,4.5
"Lakme Absolute Day-N-Night Luminance Kit (Face Wash, Day Cream & Night Cream)",Lakme,774,34,4.3
Foxtale Aquamarine Oil Free Hydrating Moisturiser With Hyaluronic Acid For Normal To Oily Skin,Foxtale,304,23,4.2
Plum Saffron & Kumkumadi Oil Glow Bright Moisturizer For Dull Skin With SPF 35 UVA & UVB Protection,Plum,378,9,4.3
Nykaa Serial Kisser Moisturising Tinted Lip Balm With Shea Butter & Vitamin E,Nykaa Cosmetics,139,30,4.1
Dermatouch Bright & Even Skin Tone Face Wash,Dermatouch,120,20,4.4
Simple Water Boost Hydrating Gel Creme 100 HR Hydration,Simple,324,20,4.4
The Ordinary Soothing & Barrier Support Serum,The Ordinary,1850,0,4.4
Earth Rhythm Sunstick,Earth Rhythm,439,20,4.4
Nykaa Makeup Remover Wipes - 30 Wipes (Length - 20cm x Width - 15cm),Nykaa Cosmetics,239,20,4.5
Aqualogica Illuminate + Hydra Gel Moisturizer With Alpha Arbutin For 24 Hour Intense Hydration,Aqualogica,449,10,4.4
O3+ Bridal Facial Kit Vitamin C for Glowing Skin with Niacinamide | For All Skin Types,O3+,893,7,4.4
L'Oreal Paris Glycolic Bright Dark Circle Eye Serum With 3% Glycolic + Niacinamide + Vitamin C,L'Oreal Paris,699,0,4.3
Pilgrim 15% Vitamin C Face Serum For Advanced Brightness,Pilgrim,463,15,4.5
The Derma Co Micro-tip Acne Patches With Salicylic Acid and Hydrocolloid For Clean & Clear Skin - 24 Patches,The Derma Co,539,10,4.3
Cetaphil Sun SPF 30 Light Gel Mineral Base For Normal Sensitive & Oily Skin,Cetaphil,1182,10,4.3
The Derma Co Snail Peptide 96 Under Eye Repair Cream with Snail Mucin & Peptide Complex,The Derma Co,359,10,4.3
Neutrogena Visible Repair Anti-Ageing Retinol + Peptide Night Face Serum For Wrinkles & Fine Lines,Neutrogena,1399,13,4.5
Beauty Of Joseon Matte Sunscreen Stick Mugwort + Camelia SPF 50 PA++++,Beauty of Joseon,1570,0,4.4
Chemist at Play 10% Vitamin C Face Serum Brightens Skin Treats Dark Spots & Hyperpigmentation,Chemist at Play,599,25,4.7
Dr. Sheth's Kesar & Kojic Acid Oil-Free Moisturizer I Intense Hydration & Pigmentation Free Skin 50g,Dr. Sheth's,314,10,4.3
WILDGLOW Korean Glass Skin Bio-Collagen Overnight Face Mask,WILDGLOW,1804,5,4.8
"CeraVe Resurfacing Retinol Serum, Reduces Acne Marks with Licorice Root Extract & Niacinamide",CeraVe,1500,0,4.7
"Neutrogena Hydro Boost Face Sunscreen SPF50+ PA++++ Hyaluronic Acid, Niacinamide,Oily Sensitive Skin",Neutrogena,1199,8,4.8
Foxtale Hydrating Ceramide Supercream Moisturizer With Hyaluronic Acid,Foxtale,334,25,4.3
Dr. Sheth's Kesar and Kojic Acid Sunscreen with SPF 50+ PA++++ for Pigmentation and All Skin Types,Dr. Sheth's,629,10,4.3
"Cerave AM Facial Moisturizing Lotion With Sunscreen SPF 50 UVB + UVA, Dermatologist Recommended Day Cream",CeraVe,1425,5,4.4
Lotus Professional Phyto-Rx Rejuvina Herbcomplex Protective Lotion SPF 15,Lotus Herbals,529,18,4.5
"Forest Essentials Kumkumadi Night Cream - Night Face Cream with Vitamin C, Kumkumadi Tailam",Forest Essentials,2850,0,4.4
Ponds Pure Detox Anti-Pollution Purity Face Wash With Activated Charcoal,Ponds,315,45,4.5
Deconstruct Lightweight Gel Sunscreen SPF 55+ PA+++,Deconstruct,475,15,4.4
Foxtale On the Glow Travel Kit,Foxtale,674,25,4.0
Nykaa Wanderlust French Lavender Floral Fragrance Moisturising Body Lotion With Lavender & Cedarwood,Wanderlust,440,20,4.4
"Foxtale Acne Control Cleanser with Salicylic Acid & Niacinamide, Controls Oil & Fights Acne",Foxtale,262,25,4.3
Nykaa Naturals Korean Sheet Mask with Turmeric & Vitamin C For Brightening,Nykaa Skin,80,20,4.4
"Mamaearth Aloe Vera Gel with Pure Aloe Vera & VitaminE for Skin & Hair 300ml| Hydrates, Soothes Skin",Mamaearth,293,8,4.4
The Derma Co 1% Hyaluronic Sunscreen Oil-Free Gel With Spf 50 Pa++++ For Oily & Acne-Prone Skin,The Derma Co,424,15,4.3
"Foxtale Rapid Spot Reduction Drops With 3% Tranexamic Acid & Niacinamide, Treat Marks & Pigmentation",Foxtale,476,20,4.2
Lakme Sun Expert Dry Matte Fluid SPF 50 PA++++ Sunscreen With 1% Niacinamide & Ceramide,Lakme,349,30,4.8
Dot & Key Pink Clay Face Mask For Glowing Skin With Vitamin C- Fades Dark Spots,Dot & Key,468,15,4.4
Aqualogica Illuminate+ Dewy Lightweight Sunscreen Gel SPF 50+ PA++++ for All Skin Types,Aqualogica,527,12,4.5
Blue Heaven Jelly & Butter Hydrating Lip Balm,Blue Heaven,156,22,4.4
"Numbuzin No.5 Vitamin-Niacinamide Concentrated Pad, Brightening Korean Toner Pads, TXA & Glutathione",Numbuzin,2100,0,4.5
Bioderma SPF 50+ Sunscreen Invisible Photoderm Creme For Normal To Dry Senstive Skin No White Cast,Bioderma,989,10,4.3
Dermalogica Daily Microfoliant Face Scrub,Dermalogica,1050,0,4.5
"PLIX SPF 50+ Guava Glow Invisible Sunscreen Gel For UV A, UV B Protection with Ceramides and Vit C",Plix,329,23,4.1
MCaffeine Berries Brightening Coffee Face Scrub,MCaffeine,232,7,4.6
Glamveda Rice & Ceramide Korean Glass Skin Peel Off Mask,Glamveda,204,32,4.2
d'you Unkissed Serum Sunscreen SPF 70+ & PA++++ Mini,d'you,2200,0,4.2
The Derma Co Sali-Cinamide Anti-Acne Face Serum With 2% Salicylic Acid & 5% Niacinamide,The Derma Co,527,12,4.2
LANEIGE Lip Sleeping Mask Sweet Candy Ex,LANEIGE,540,10,4.6
Clean & Clear Foaming Face Wash - Hydrating Cleanser for Oily Skin & Reduces Acne In 7 Days,Clean & Clear,385,20,4.5
Lakme Perfect Radiance Brightening Facewash With 98% Pure Niacinamide Complexfor Pigmentation,Lakme,140,20,4.3
The Derma Co 1% Hyaluronic Sunscreen SPF 50 PA++++ Aqua Gel For Normal To Oily Skin,The Derma Co,839,30,4.5
Wishcare Vitamin C Pure Glow Face Sunscreen SPF 50 PA++++,Wishcare,399,20,4.4
"Bio-Oil Skincare Infused with Rosemary for Stretch Marks, Scars & Ageing",Bio Oil,800,18,4.4
"Lotus Herbals Youthrx Anti-Ageing Nourishing Night Creme, Reduces Fine Lines, All Skin Types",Lotus Herbals,677,18,4.4
Bioderma Brightening Cream - Pigmentbio Sensitive Areas - External Intimate & Friction Care,Bioderma,1439,10,4.3
O3+ Blueberry D-TAN Face Pack for Tan Removal & Glowing Skin - Detan Mask for Dry Skin,O3+,1364,12,4.4
"CeraVe PM Facial Moisturizer Lightweight Night Cream with Ceramides, Niacinamide & Hyaluronic Acid",CeraVe,1235,5,4.4
"Cetaphil Optimal Hydration Daily Cream, Lightweight, Skin Barrier Protection with Hyaluronic Acid",Cetaphil,1195,8,4.3
Neutrogena Deep Clean Blackhead Eliminating Face Scrub & Exfoliator with Salicylic Acid,Neutrogena,405,10,4.4
Neutrogena Hydro Boost Cleanser Water Gel Face Wash with Hyaluronic Acid for Normal & Sensitive Skin,Neutrogena,1099,5,4.5
L'Oreal Paris Glycolic Bright Night Cream With Glycolic Acid & Niacinamide Skin Brightening Cream,L'Oreal Paris,399,0,4.3
DIAM BEAUTY Glass Tint Lip Balm,DIAM BEAUTY,809,10,4.1
Simple Kind To Skin Micellar Water For Makeup Remover,Simple,360,20,4.4
Re'equil 0.5% Retinol Night Cream,Re'equil,499,5,4.5
Lotus Herbals Professional PhytoRx Whitening & Brightening Day & Night Combo,Lotus Herbals,1264,20,4.3
Wishcare Detan Combo Sunscreen SPF 50 Broad Spectrum & 10% AHA + 1% BHA Body Lotion,Wishcare,758,24,4.4
"Plum Green Tea & Zinc Matte SPF 50 Sunscreen Gel For Oily, Normal, Combination & Dry Skin",Plum,387,9,4.5
Aveeno Skin Relief Moisturising Lotion - Oat + Shea Butter Body Moisturizer For Dry & Sensitive Skin,Aveeno,1379,12,4.5
Bioderma SPF 50+ Tinted Sunscreen Photoderm Aquafluide Sunscreen Active Sun Defence - Claire Light,Bioderma,1664,10,4.2
Plum Niacinamide Bright & Clear Skin Combo,Plum,2144,15,4.4
"Dot & Key Strawberry Dew Deep Cleansing Balm For Face, Lip & Eye Waterproof Makeup Remover",Dot & Key,429,14,4.5
PLIX Pomegranate Peeling Solution For Glowing & Even Toned Skin with 25% AHA + 2% BHA + 5% PHA,Plix,558,14,4.1
Minimalist 5% Aquaporin Booster Face Wash With Hyaluronic Acid For Dry Skin,Minimalist,284,5,4.4
Hyphen 2% Ceramide-Peptide Complex Barrier Repair Moisturizer-Dry Skin Non-Comedogenic & Lightweight,Hyphen,449,10,4.3
"Plum BodyLovin' Vanilla Caramello Bestselling Body Lotion for Dry, Normal & All Skin type",Plum,323,14,4.5
Estee Lauder Advanced Night Repair Serum Duo,Estee Lauder,9000,0,4.5
Lakme No Makeup Must Haves Combo,Lakme,871,19,4.4
Cetaphil Cleansing + Hydrating Regime,Cetaphil,965,8,4.5
"Novology Acne Clearing Cleanser For Acne, Whiteheads And Blackheads, Suitable For Sensitive Skin",Novology,585,10,4.5
Lakme Retinol Advanced Renewal Day Creme Pro-Retinol Peptide Complex + Uv Filters & SPF 15 PA++,Lakme,699,30,4.3
"Lotus Herbals WhiteGlow Skin Brightening Gel Creme, SPF25 PA+++, Suits All Skin Types",Lotus Herbals,276,20,4.4
Underated Multipurpose Toning Solution With 8% Glycolic Acid + 1% Salicylic Acid + 1% GDL,Underated,286,18,4.3
Simple Protect N Glow Vitamin C Facial Wash,Simple,357,15,4.3
Wanderlust Japanese Cherry Blossom Scrub,Wanderlust,263,25,4.4
LANEIGE Water Bank Blue Hyaluronic Gel Moisturizer,LANEIGE,2320,20,4.4
"NIVEA Body Lotion, Aloe Hydration, with Aloe Vera, for Smooth, Hydrated Skin",NIVEA,599,25,4.5
O3+ Pedilogix Bubble Gum Manicure Pedicure Kit - Hands & Foot Care Kit,O3+,276,5,4.5
Eucerin Anti-Pigment Night Cream With Thiamidol Reduces Dark Spots & Night Regeneration,Eucerin,2448,15,4.2
"Plum BodyLovin' Marshmallow Melt Body Lotion With Shea Butter for Dry, Normal & All Skin type",Plum,409,14,4.4
L'Oreal Paris Revitalift Laser X3 Day Cream With Pro-Retinol,L'Oreal Paris,1427,15,4.4
Aqualogica Glow+ Dewy Lightweigh Sunscreen Gel SPF 50+ PA++++ with Papaya & Vitamin C,Aqualogica,819,18,4.5
Biotique Bio Sun Shield Sandalwood Ultra Protective Face Lotion SPF 50+ Sunscreen,Biotique,328,20,4.3
Dove Exfoliating Body Polish Scrub - Crushed Almond And Mango Butter,Dove,599,25,4.5
"Novology Acne Spot Corrector For Active Acne, Pimples And Whiteheads",Novology,595,15,4.6
"Plix 10% Niacinamide Jamun Face Serum for Acne marks, blemishes & oil control",Plix,529,8,4.1
Minimalist SPF 30 Lip Balm,Minimalist,284,5,4.3
MCaffeine D-Tan Exfoliating Coffee Face Scrub With Walnut & Vitamin E for Fresh & Glowing Skin,MCaffeine,314,10,4.5
Dot & Key Strawberry Dew Sunscreen Mist SPF 50+,Dot & Key,527,12,4.3
Biotique Fruit Brightening Face Wash,Biotique,240,25,4.3
Minimalist 2% Granactive Retinoid Anti Aging Face Cream With Vitamin E & HA,Minimalist,664,5,4.4
"The Body Shop British Rose Body Yogurt, 48-Hour Hydration , Rose & Shea Butter",The Body Shop,1101,15,4.5
Nykaa Serial Kisser Moisturising Lip Balm With Shea Butter & Vitamin E,Nykaa Cosmetics,104,30,4.0
Nykaa Naturals Rice Water and Glycolic Acid Gentle Exfoliation Face Wash,Nykaa Cosmetics,223,20,4.3
MCaffeine Coffee Hydrogel Under Eye Patches for Dark Circles with Hyaluronic Acid Depuffs,MCaffeine,679,15,4.3
"Sebamed Clear Face Foam, PH 5.5, Acne, Pimples & Blackheads, Montaline C40, Gentle Deep Cleanser",Sebamed,666,2,4.5
LANEIGE Berry Bliss Lip Duo Mini,LANEIGE,1148,15,4.6
Hyphen 18% Brightening + 20% Collagen Double Serum,Hyphen,591,9,4.5
Plix Guava 10% Vitamin C Face Serum & Face Wash Combo,Plix,920,8,4.1
Plum 1% Salicylic Acid Foaming Face Wash - Fights Active Acne & Controls Oil For Smooth Skin,Plum,296,9,4.3
"Innisfree Green Tea Amino Acid Foam Cleanser - Hydrating, Soft & Rich Cleanser For Daily Use",Innisfree,680,15,4.5
Innisfree Tone Up No Sebum Sunscreen EX SPF 50+ PA++++ For Oil Control - Matte Finish,Innisfree,1050,25,4.1
Pilgrim Retinol Night Cream with Vitamin C & Hyaluronic Acid,Pilgrim,533,18,4.3
Forest Essentials Soundarya Radiance Day Cream with 24K Gold & SPF 30 PA++,Forest Essentials,2475,0,4.4
Nykaa Happy Heels Footcream,Nykaa Skin,187,25,4.4
Neutrogena Hydro Boost Nourishing Cream Moisturizer with Hyaluronic Acid + Ceramides For Dry Skin,Neutrogena,1259,7,4.4
"Hyphen Mango Lip Balm SPF50 PA++++ With 2% Kojic Acid, 1% Vit E & Vitamin C To Brightens Dark Lips",Hyphen,379,5,4.5
The Derma Co 2% Kojic Acid Face Cream For Pigmentation,The Derma Co,449,10,4.2
Amorepacific X Nykaa: Festive Radiance Gift Set,LANEIGE,1499,33,
"Dot & Key Cica, Green Tea & Niacinamide Calming Skin Clarifying Toner For Oily & Acne Prone Skin",Dot & Key,320,19,4.2
Lotus Herbals Radiant Gold Cellular Glow Facial Kit,Lotus Herbals,1136,18,4.4
The Ordinary Retinal 0.2% Emulsion,The Ordinary,1500,0,4.7
Biotique Bio Papaya Revitalizing Tan Removal Scrub,Biotique,239,20,4.4
"Olay Retinol 24 Max Anti Ageing Night Serum, Visibly Reduces Wrinkles In 7 Nights, Fragrance Free",Olay,1429,35,4.4
WOW Skin Science Aloe Vera Gel,WOW,301,33,4.4
Supergoop Unseen Sunscreen SPF 40 PA+++,Supergoop,3040,5,5.0
SUGAR Tipsy Lips Moisturizing Balm,SUGAR,165,17,4.4
Beauty Of Joseon Revive Serum For Skin Elasticy - Ginseng + Snail Mucin,Beauty of Joseon,1480,0,4.5
Dot & Key 10% Glycolic Watermelon Super Glow Face Serum For Pigmentation,Dot & Key,383,15,4.3
The Body Shop British Rose Petal Soft Hand Cream,The Body Shop,276,20,4.1
CeraVe Facewash & Moisturizer Combo with Ceramides - Daily Skincare Routine for Normal To Dry Skin,CeraVe,669,12,4.4
Mamaearth Vitamin C Daily Glow Sunscreen with Vit C & Turmeric for Tan Protection & Glow SPF50 PA+,Mamaearth,314,10,4.2
"The Derma Co 50000 PPM Vitamin C Microneedle Face Serum Shot for Radiant, Glowing Skin All Types",The Derma Co,1349,10,4.8
SunScoop 5% Niacinamide Daily Moisture Sunscreen Body Lotion SPF 50+ PA++++,SunScoop,399,27,4.8
Fixderma Shadow SPF 50+ Cream To Protect Broad Spectrum,Fixderma,510,15,4.4
"Olay Total Effects Night Cream, Fights 7 Signs Of Ageing With Niacinamide And Green Tea Extracts",Olay,899,10,4.4
e.l.f. Cosmetics Hydrating Core Lip Shine,e.l.f. Cosmetics,950,0,4.1
Minimalist 10% AHA BHA Exfoliator With Hyaluronic Acid For Even Tone & Texture,Minimalist,569,5,4.3
Mamaearth Rice Oil-Free Face Moisturizer With Rice Water & Niacinamide For Glass Skin,Mamaearth,287,10,4.3
"Plix Pineapple De-pigmentation Regime Facewash, Serum, Moisturizer & Sunscreen",Plix,1199,39,4.1
Wishcare Pure & Natural Aloe Vera Gel - Enriched With Vitamin E,Wishcare,279,30,4.4
Foxtale Daily Glow Combo - (Pack of 3),Foxtale,635,25,4.4
COSRX Ultra-Light Invisible Sunscreen SPF50 PA++++,COSRX,1350,0,4.5
O3+ D-TAN Facial Kit with Peel Off Mask for Tan Removal & Pigmentation | Suitable for All Skin Types,O3+,521,7,4.4
Nykaa Wanderlust Japanese Cherry Blossom Floral Sakura Fragrance Moisturising Body Lotion,Wanderlust,440,20,4.4
Hyphen Rice Water Brightening Daily Cleanser,Hyphen,269,10,4.3
Outshine Korean Glass Skin Serum - Brightening & Dark Spot Corrector,Chicnutrix,1395,0,4.0
Plum BodyLovin' Vanilla Vibes Sugar Body Scrub,Plum,473,14,4.4
La Shield Lite SPF 50 PA+++ Mineral Sunscreen Gel Reduces Pigmentation & Dark Spots Oil-free,La Shield,833,15,4.4
Earth Rhythm Hand Cream,Earth Rhythm,199,20,4.2
"Plum Niacinamide Toner & Serum Duo for Pore Care, Tightening & Brightening",Plum,671,15,4.4
"Uriage Thermal Water With Active Mineral Composition, Hydration & Moisturization For All Skin Types",Uriage,944,15,4.4
"The Formularx Barrier Relief Lightweight Ceramide Moisturizer For Oily, Acne-Prone, Sensitive Skin",The Formularx,594,15,4.9
The Ordinary Multi Peptide + HA Serum,The Ordinary,1700,0,4.5
Moody 7D Hydroburst Hyaluronic SPF 50 PA++++,Moody,330,45,4.5
Bronson Professional Pore Cleanser Blackhead Dermasuction Remover Battery Operated With 4 Nozzles,Bronson Professional,500,50,3.2
Dot & Key Strawberry On-The-Go SPF 50 Sunscreen Stick PA+++ For UVA/B Blocks,Dot & Key,565,5,4.1
"Plum 1% Retinol Anti-Aging Face Serum With Bakuchiol- Boosts Collagen, Reduces Fine Lines & Wrinkles",Plum,719,9,4.3
"Sebamed Lip Defense, For Dry And Chapped Lips, With SPF 30, With Jojoba Oil And Vitamin E",Sebamed,510,2,4.4
Anua Rice 70 Glow Milky Toner with Niacinamide & Ceramide For Glass Skin & Healthy Skin Barrier,Anua,1900,0,4.8
O3+ Brightening & Whitening Face Wash With Cucumber & Aloe Vera Extract All Skin Types,O3+,451,7,4.3
NIVEA Sun Protect & Dry Touch Invisible SPF 50 Spray,NIVEA,769,45,4.3
Vaseline Intensive Care Aloe Fresh Body Lotion,Vaseline,439,45,4.5
Biotique Bio Papaya Visibly Flawless Face Wash For All Skin Types,Biotique,288,20,4.4
Maybelline New York Baby Lips Color Balm,Maybelline New York,188,10,4.4
The Body Shop Vitamin C Glow Boosting Moisturizer Boosts Radiance & Hydrates Dull Skin All Skin,The Body Shop,2121,15,4.4
Anua Heartleaf 77% Soothing Toner,Anua,1900,0,4.9
"Nat Habit Five Oil Hibiscus Shampoo & Conditioner Combo For Hair Fall Control, 72 Hr Frizz Control",Nat Habit,636,30,4.4
Re'equil Ultra Matte Dry Touch Sunscreen SPF 50 PA++++,Re'equil,328,5,4.5
ETUDE HOUSE Ginger Sugar Melting Balm,ETUDE HOUSE,801,10,4.3
Forest Essentials Facial Tonic Mist with Pure Rosewater - Toner - Hydrates & Minimises Pores,Forest Essentials,595,0,4.5
Minimalist SPF 60 PA ++++ Sunscreen - Pregnancy & Lactation Safe For Sensitive Skin,Minimalist,569,5,4.3
Dot & Key Barrier Repair Essentials Duo,Dot & Key,515,20,4.4
Re'equil Oxybenzone And Omc Free Sunscreen SPF 50 PA+++,Re'equil,375,5,4.4
Lotus Herbals Radiant Gold Cellular Glow Facial Kit,Lotus Herbals,287,18,4.3
Plix FIX Jamun Clarifying Fruity Toner,Plix,379,11,4.3
TONYMOLY Korean Fresh Face Sheet Mask,TONYMOLY,100,0,4.6
Eucerin Anti-Pigment Dark Circle Eye Corrector Serum With Thiamidol & Hyaluronic Acid For Bright Eye,Eucerin,2035,15,4.0
Lotus Herbals Whiteglow 3-in-1 Deep Cleansing Skin Whitening Facial Foam,Lotus Herbals,242,18,4.4
Kama Ayurveda Kumkumadi Youth - Recovering Night Balm For Replenished & Radiant Skin,Kama Ayurveda,3750,0,4.2
Eucerin Pigment Control Sunscreen Fluid SPF50+ Has Thiamidol Prevent & Reduce Darkspot Is Nonsticky,Eucerin,1530,15,4.6
Dot & Key Bestselling Vitamin C Sun Protect Duo,Dot & Key,752,20,4.4
The Derma Co 2% Niacinamide Oily Skin Cleanser,The Derma Co,275,8,4.3
RAS Luxury Oils Super Recharge Night Cream With Bakuchiol & Peptides Deeply Hydrates,RAS Luxury Oils,2312,20,4.7
Celimax The Vita-A Retinol Shot Tightening Korean Serum,Celimax,2399,0,4.8
LANEIGE Cream Skin Cerapeptide Refiner Refill,LANEIGE,1360,15,4.6
"Cetaphil Optimal Hydration Lightweight Serum, Skin Barrier protection with Hyaluronic Acid",Cetaphil,781,8,4.3
"Bioderma Sebium Gel Moussant Actif Cleanser with Salicylic & Glycolic Acid for Acne Prone, Oily Skin",Bioderma,1259,30,4.5
Murad Retinol Youth Renewal Serum,Murad,7500,0,4.3
Dot & Key 2% Salicylic Cica Anti Acne Face Serum For Irritation & Unclogs Pores,Dot & Key,339,15,4.4
Ponds Hydra Miracle Super Light Gel With Hyaluronic Acid & Vitamin C,Ponds,425,35,4.8
Kiehl's Creamy Eye Treatment with Avocado,Kiehl's,3000,0,3.9
Neutrogena Ultrasheer SPF50+ PA+++ Ultra Light Face Sunscreen For Dry & Oily Skin Home+Travel Combo,Neutrogena,780,28,4.4
Foxtale CSMS Glow On Combo Kit,Foxtale,1234,35,4.6
Plum 1.5% Vitamin C Alcohol-Free Spray Toner With Mandarin & Witch Hazel For Glow Boost & Open Pores,Plum,387,9,4.4
COSRX Advanced Snail Radiance Dual Essence,COSRX,2550,0,4.5
"Anua Pdrn Hyaluronic Acid Capsule 100 Serum with Collagen For Plump, Dewy, Radiant Glass Skin",Anua,2100,0,4.6
"Hyphen 2% Kojic Acid Spf 30 Lip Balm With Vitamin C, 1% Vit E, Brightens Pigmented & Dark Lips",Hyphen,379,5,4.2
The Derma Co 30% Aha + 2% Bha Peeling Solution,The Derma Co,527,12,4.3
Re'equil 0.3% Retinol Night Cream,Re'equil,428,5,4.4
The Ordinary Salicylic Acid 2% Masque,The Ordinary,1450,0,4.4
Beauty of Joseon Radiance Cleansing Balm,Beauty of Joseon,1650,0,4.6
Dr. Sheth's Neem & Salicylic Acid Face Wash,Dr. Sheth's,321,8,4.3
Chemist at Play 2% Salicylic Acid Face Wash For Oily Skin with Niacinamide Oil Cleanser for Face,Chemist at Play,249,17,4.4
The Body Shop Vitamin E Moisture Cream,The Body Shop,1271,15,4.3
Nykaa Naturals Face Scrub,Nykaa Skin,187,25,4.3
NIVEA SPF 50+ PA+++ & Vit E Face Sunscreen- Instant & Waterproof Protection,NIVEA,719,20,4.2
Ponds Bright Beauty Anti-Pigmentation Serum with 12% Gluta- Niacinamide Complex,Ponds,354,35,4.3
Nykaa Naturals Skin Secrets Potent Ingredients Sheet Mask Combo (Pack Of 5),Nykaa Skin,350,30,4.5
The Derma Co 5% Nia-Ceramide Mattifying Moisturizer for Oily & Acne Prone Skin 100g,The Derma Co,395,12,4.4
"Eclipse Solaire Active Sunscreen SPF 50 PA+++ for All Skin Types, No White Cast",Eclipse Solaire,850,0,4.6
"Lotus Herbals Safe Sun Uv Screen Matte Gel Spf 50 Sunscreen, No white cast, Pa+++, 100gm",Lotus Herbals,480,18,4.3
Plum 10% Niacinamide Brightening Face Serum With Rice Water & Ferment - Fades Blemishes & Acne Marks,Plum,237,5,4.3
d'you Mini Bestsellers Trio (SMS Routine),d'you,2465,15,4.2
Hiphop Skin care Cleansing Charcoal Nose Strips for Women - Blackhead Remover & Pore Cleanser (3 Strips),Hiphop,99,21,4.1
"Dr. Sheths BTox Serum with Argireline & Copper Peptide For Fine Lines, Skin Firming & Even Tone",Dr. Sheth's,1319,12,5.0
SKIN1004 Madagascar Centella Hyalu-Cica Water-Fit Sun Serum,SKIN1004,2039,15,4.5
Mamaearth Rice Water Dewy Face Toner with 4% Niacinamide for Glass Skin and All Skin Types,Mamaearth,386,10,4.5
Simple Kind to Skin Replenishing Rich Moisturizer All Skin Types Moisturizer,Simple,380,20,4.4
LANEIGE Water Bank Blue Hyaluronic Cleansing Foam,LANEIGE,1448,20,4.6
Clinique Moisture Surge Duo (2 x 30ml),Clinique,4500,0,4.5
BiE O2wow!- Oxygenating & Firming Mask,BiE - Beauty In Everything,1869,15,4.2
Aminu Copper Peptide Serum (10ml),Aminu,1840,0,4.3
Forest Essentials Advanced Soundarya Age Defying Facial Serum With 24K Gold,Forest Essentials,5695,0,4.5
Earth Rhythm Aqua Surge Sunscreen Spray SPF 50,Earth Rhythm,279,20,3.9
"O3+ Meladerm Vitamin C Gel Bleach For Dullness Removal, Hydration & Glowing Skin, All Skin Types",O3+,747,10,4.1
Bioderma Ultra-Soothing Foaming Gel Atoderm Intensive Gel Moussant With Niacinamide,Bioderma,629,10,4.5
Orimii Bump Hydrating Body Butter for Reducing Stretch Marks - Pregnancy Safe,Orimii,660,5,4.1
Biodance Hydro Cera-Nol Real Deep Mask,Biodance,380,0,4.4
"Earth Rhythm Lip Masque With Peptide, Overnight Damage Repair Mask and Seals Hydration",Earth Rhythm,224,25,4.1
Jeva Papaya Tan Removal Scrub,Jeva,150,54,4.1
Lotus Professional Phyto-Rx Whitening & Brightening Night Creme,Lotus Herbals,652,18,4.4
Nykaa Clay It Cool Clay Mask,Nykaa Skin,359,40,4.3
Bioderma Atoderm Intensive Gel Creme Moisturizer,Bioderma,693,30,4.4
Beauty of Joseon Green Plum Refreshing Cleanser,Beauty of Joseon,1130,0,4.4
Fixderma Shadow SPF 30+ Gel,Fixderma,252,10,4.4
Clinique Liquid Facial Soap Mild - Dry Combination Facewash,Clinique,2500,0,4.5
Aroma Magic Bridal Glow Facial Kit for Single Use,Aroma Magic,149,10,4.4
FAE Beauty No White Cast Lightweight Sunscreen SPF Juice SPF 50+ PA++++,FAE Beauty,528,12,4.5
Dove Exfoliating Body Polish Scrub - Oatmeal & Calendula Oil,Dove,559,30,4.3
O3+ Brightening Facial Kit for Tan and Pigmented Skin,O3+,5208,7,4.2
LANEIGE Glowy Makeup Serum,LANEIGE,1520,20,4.4
Plum Green Tea Revitalizing Spray Face Mist With Glycolic Acid & Aloe Vera - Hydrates & Refreshes,Plum,328,9,4.5
Ponds Age Miracle Retinol Combo,Ponds,1091,40,4.4
The Ordinary Lactic Acid 10% + HA,The Ordinary,950,0,4.3
Foxtale Purify & Glow Cleanser + Mask With French Pink Clay & Sodium,Foxtale,296,25,4.4
"Neutrogena Visible Repair Retinol + Peptide Night Eye Cream For Anti-Ageing, Dark Circles & Wrinkles",Neutrogena,1399,7,4.5
MARS Aqua Splash Tinted Lip Balm,MARS,130,13,4.2
Dot & Key Lip Polish Exfoliating Sugar Scrub,Dot & Key,199,20,4.3
Aqualogica Illuminate + Hydra Gel Moisturizer With Alpha Arbutin For 24 Hour Intense Hydration,Aqualogica,284,5,4.5
Aqualogica Glow+ Hydra Gel Moisturizer With Papaya & Vitamin C For 24 Hour Intense Hydration,Aqualogica,449,10,4.4
Olay Natural White Instant Glowing Fairness Skin Cream with UV Protection,Olay,199,0,4.4
MCaffeine Coffee Hydrogel Under Eye Patches for Dark Circles with Hyaluronic Acid Depuffs,MCaffeine,449,10,4.4
O3+ Night Repair Cream - Moisturiser For Brightening & Glow Boosting | Fades Finelines & Wrinkles,O3+,840,12,4.2
Winston 3 In 1 LED Light Therapy Face Mask for Anti Ageing to Get Glowing Clear & Clean Skin,Winston,2149,38,4.3
Innisfree The Green Tea Seed Cream With Hyaluronic Acid For Soothing Skin,Innisfree,1424,20,4.5
The Derma Co 2% Salicylic Face Mask For Acne & Blemish Prone Skin,The Derma Co,539,10,4.4
"Deconstruct 0.2% Retinol Face Serum + 1% Peptide, Anti-Aging Serum, Beginner-Friendly",Deconstruct,615,23,4.4
Forest Essentials Sheer Sun Fluid Sunscreen SPF 50 PA++++,Forest Essentials,1575,0,4.5
KLOY Korean Style Bath Mitt for Exfoliation & Body Cleanser,KLOY,199,0,4.0
"Gabit 100% Mineral Sunscreen SPF 50 PA++++ With Vitamin E, No White Cast, Blue Light Protection",Gabit,466,5,4.0
Physiogel Daily Moisture Therapy - Face Moisturizer Cream,Physiogel,740,0,4.5
Neutrogena Ultrasheer SPF50+ PA++++ Moisturizing Face Sunscreen Oily & Sensitive Skin - Pack of 3,Neutrogena,598,33,4.4
Be Bodywise Body Sunscreen Spray SPF 50 PA+++,Be Bodywise,399,20,4.4
"Novology Bi-Phasic Serum For Hyperpigmentation, Dark Spots & Acne Marks, Dry - Combination Skin",Novology,723,15,4.3
"Deconstruct 10% Niacinamide + 0.3% Alpha Arbutin Serum For Dullness, Tan & Uneven Skin Tone",Deconstruct,559,20,4.3
"Foxtale Daily Glow Defense Tan-Free, Glowy & Sun-Protected Skin Combo",Foxtale,800,30,4.4
Sulwhasoo First Care Activating Serum VI,Sulwhasoo,5270,15,4.5
"The Face Shop Korean Jeju Aloe Vera Soothing Gel with Vitamin E for Face, Body & Hair",The Face Shop,466,5,4.6
Eucerin Oil Control Dry Touch Sunscreen Gel-Cream SPF 50+,Eucerin,979,25,4.3
Lotus Professional Phyto-Rx Whitening & Brightening Face Wash,Lotus Herbals,406,18,4.4
Simple Water Boost Micellar Facial Wash,Simple,357,15,4.5
PLIX Pomegranate 0.6% Retinol & 0.2% Bakuchi Oil Night Face Serum To Reduce Fine Lines,Plix,479,26,4.3
Dot & Key Blueberry Hydrate Barrier Repair Oil-Free Moisturizer,Dot & Key,347,13,4.5
Innisfree Dewy Tint Lip Balm With Hyaluronic Acid,Innisfree,935,15,4.5
"Hyphen Tinted Lip Balm- Vintage, 1% Vit E, 2% Squalane & Peptides, Brightens, Moisturizes Dry Lips",Hyphen,379,5,4.2
Lakme No Makeup Makeup Must Haves,Lakme,935,22,4.3
Plix Guava Glowy Lip Tinted Balm,Plix,279,20,4.1
"The Face Shop White Seed Serum With Niacinamide & Hyaluronic Acid, Fights Dullness & Blemishes",The Face Shop,1221,5,4.3
Lotus Herbals WhiteGlow Skin Whitening & Brightning Night Creme,Lotus Herbals,406,18,4.4
The Ordinary Natural Moisturizing Factors + HA,The Ordinary,700,0,4.3
Nykaa Naturals Korean Sheet Mask with Cica & Ceramide For Barrier Repair,Nykaa Skin,80,20,4.4
"PIXI FortifEYE Firming Under-Eye Patches with Collagen, Retinol & Caffeine",PIXI,2900,0,4.4
Plum Saffron & Papaya Glow Bright Gel Face Wash For Daily Use - Fights Dullness & Evens Skin Tone,Plum,237,14,4.3
"Moody Acnexpert Overnight Spot Correcting Pen Pimple Drying Lotion With Salicylic, Sulfur & Zinc",Moody,346,12,4.7
Bioderma SPF 50+ Tinted Sunscreen Photoderm Creme Teinte Claire Light SPF 50+ Water Resistant,Bioderma,1169,10,4.2
Minimalist 0.3% Ceramide Barrier Repair Moisturizing Cream For Oily Skin,Minimalist,569,5,4.3
Fixderma Tranexamic Acid + 2%Kojic Acid + 1%Arbutin SKARFIX TX Face Cream For Pigmentation,Fixderma,428,10,4.1
Sulwhasoo Concentrated Ginseng Renewing Cream Ex,Sulwhasoo,15215,15,4.5
COSRX BHA Blackhead Power Liquid,COSRX,1590,0,4.4
Foxtale The Dazzler Multivitamin Glow Toner + Makeup Setting Spray,Foxtale,296,25,4.4
Hyphen 2% Ceramide-Peptide Complex Barrier Repair Moisturizer-Oily Skin Non-Comedogenic & Lightweight,Hyphen,404,10,4.4
Wanderlust Japanese Cherry Blossom Body Butter,Wanderlust,450,18,4.4
Cetaphil Baby Daily Lotion With Organic Calendula for Face & Body,Cetaphil,1487,7,4.5
Forest Essentials Luscious Lip Balm With Organic Beeswax For Dry Chapped Lips,Forest Essentials,850,0,4.2
"The Formularx Barrier Plus Peptide Ceramide Moisturizer For Dry, Normal, & Sensitive Skin",The Formularx,594,15,5.0
"The Face Shop Pomegranate And Collagen Serum, With 10% Collagen & Hyaluronic Acid, For Skin Firming",The Face Shop,2025,10,4.4
NIVEA Shea butter Lip Balm with Natural oils & 24H melt-in moisture-Original care,NIVEA,166,5,4.5
NIVEA Soft Daily UV Light Moisturising Cream,NIVEA,312,40,4.5
Plum Bodylovin' Best Of Vanilla Vibes Combo,Plum,1464,20,4.4
The Derma Co Tran-Zelaic Pigmentation Corrector Serum With 10% Azelaic Acid,The Derma Co,571,12,4.2
"Plum Rice Water & 3% Niacinamide Sheer-Tinted Sunscreen With SPF 50 PA++++, For Oily to Dry Skin",Plum,454,9,4.3
Dove Revitalizing Body Wash With Scented Peach And Vitamin C,Dove,462,23,4.4
LANEIGE Cica Sleeping Mask,LANEIGE,713,25,4.5
e.l.f. Cosmetics Glow Reviver Melting Lip Balm,e.l.f. Cosmetics,1050,0,4.8
Mamaearth Rice Facial Kit With Rice Water & Niacinamide For Glass Skin,Mamaearth,359,10,4.2
Victoria's Secret Velvet Petals Fragrance Lotion,Victoria's Secret,1874,25,4.5
Hyphen The #JuicyLipsOrNothing Gift Kit For 24 Hrs Moisturization & Hydration 3 Tinted Lip Balms,Hyphen,1077,10,4.2
"Dr. Sheth's Tea Tree & Lactic Acid Body Lotion Provides Even Skin Tone, Reduce Body Acne",Dr. Sheth's,284,5,4.3
Plum Candy Melts Vegan Lip Balm,Plum,268,9,4.4
"Sirona Natural Bamboo Charcoal Nose Strips For Women, Removes Blackheads,Whiteheads & Pore Cleanser",Sirona,121,19,4.1
Lacto Calamine Oil Balance Lotion (For Oily Skin),Lacto Calamine,160,3,4.3
Cetaphil Bright Healthy Radiance Gentle Renewing Cleanser,Cetaphil,865,7,4.4
The Derma Co 1% Kojic Serum-Gel with Arbutin for Night Repair,The Derma Co,533,11,4.3
Aqualogica Radiance Fluid Sunscreen SPF50+ PA++++ with Niacinamide & Watermelon For Oily Skin,Aqualogica,404,10,4.6
The Derma Co 2% Salicylic Acid Gel Face Wash for Oily Skin with Salicylic Acid & Witch Hazel,The Derma Co,275,8,4.8
Dot & Key Multi Peptide Pomegranate & Ceramides SPF 30 Face Moisturizer For Wrinkles,Dot & Key,426,14,4.3
SUROSKIE Rose Glass Skin Mist 100ml | 2 in 1 Face Tonner + Makeup Setting Spray | Enriched With Rose Water & Aloe Vera | For Glowing & Hydrating Skin | All Skin Types | Rose Face Mist For Men & Women,SUROSKIE,1199,0,4.4
Neutrogena Ultrasheer SPF50+ PA+++ Ultra Light Face Sunscreen For Dry & Oily Skin Super Value Pack,Neutrogena,1175,25,4.4
The Derma Co 1% Salicylic Acid Oil-free Moisturizer for Face With Oat Extract For Active Acne,The Derma Co,314,10,4.3
Lakme Retinol Advanced Renewal Night Gel Creme Pro-Retinol Peptide Complex,Lakme,769,30,4.3
Lotus Herbals Phyto-Rx Skin Firming Anti-Ageing Creme SPF 25 Pa+++,Lotus Herbals,791,18,4.4
Re'equil Oil Free Mattifying Moisturising Gel,Re'equil,280,5,4.3
Cetaphil Skin Care Regime For Oily Skin,Cetaphil,1213,8,4.4
Kama Ayurveda Rose Jasmine Face Cleanser (Face Wash),Kama Ayurveda,1525,0,4.5
Bath & Body Works Dark Kiss Super Smooth Body Lotion,Bath & Body Works,1299,41,4.4
PIXI Hydrating Rose Glow Mist,PIXI,1690,0,4.5
Chemist at Play Hydrating & Anti Aging Under Eye Cream for Dark Circles & Puffiness,Chemist at Play,299,14,4.1
"Hydrating Body Wash With Hyaluronic Acid & Ceramides, Locks In Moisture, Reduces Body Odour",Foxtale,279,20,4.4
Estee Lauder Revitalizing Supreme+ Night Intensive Restorative Creme,Estee Lauder,6800,0,4.6
O3+ Radiant Day Cream Moisturiser SPF30 for Brightening & Glowing Skin | All Skin Types,O3+,924,12,4.2
"Innisfree Volcanic Pore Clay Mask - Cool Mint Choco, Clogged Pores, Oil Control, Blackhead",Innisfree,990,10,4.8
Dot & Key 0.2% Retinol Complex Face Serum With Niacinamide & Multi-Peptides - Beginner-Friendly,Dot & Key,509,15,4.5
Ozone D-tan Face Pack,Ozone,252,20,4.5
Forest Essentials Transformative Soundarya Night Cream with 24K Gold,Forest Essentials,3375,0,4.3
Episoft Cleansing Lotion For Sensitive & Dry Skin Makeup Cleanser,Episoft,528,12,4.4
Beautiliss Ice Roller Face Massager (Color May Vary),Beautiliss,96,61,4.1
Innisfree Perfect 9 Intensive Cream EX,Innisfree,3060,10,4.5
The Ordinary Granactive Retinoid 2% Emulsion,The Ordinary,1200,0,4.5
Olay Regenerist Revilatising Hydration Day Cream With Spf 15 For Plump Skin With Niacinamide,Olay,1349,10,4.4
Plum Bulgarian Rose And 1% Hyaluronic Acid Dew-It-Light Gel Cream,Plum,454,9,4.7
Renee Cosmetics Lumi Glow Highlighting SPF 50 Sunscreen,Renee Cosmetics,499,0,4.3
Biotique Bio Neem Purifying Face Wash Prevents Pimples For All Skin Types,Biotique,239,20,4.4
Hyphen 10% Power Peptide Cocktail Serum,Hyphen,759,5,4.2
TNW The Natural Wash 100% Steam Distilled Rose Water Face Toner Spray Gulab Jal Hydration,TNW The Natural Wash,449,25,4.5
Brightening and Hydrating Korean Skincare Combo,COSRX,4500,10,4.5
"TONYMOLY Korean Tea Tree Pore Fresh Toner to Soothe, Purify & Control Oily Skin",TONYMOLY,1309,15,4.5
"The Face Shop Rice & Ceramide Moisturizing Skincare Set, Complete Travel Friendly Skincare Routine",The Face Shop,836,7,4.3
La Shield Pollution Protect SPF 50 Mineral Sunscreen Lightweight & Oil free Moisture Boost,La Shield,289,15,4.1
Foxtale De-Tan Skin Radiance Mask - Pack Of 2,Foxtale,818,25,4.4
Wishcare Lip Balm Combo - Tinted SPF 50+++ & Natural,Wishcare,472,21,4.4
d'you Inbalance Soothing Milky Toner,d'you,2100,0,4.7
Mario Badescu Acne Spot Corrector Drying Lotion with Salicylic Acid,Mario Badescu,1800,0,4.1
Mamaearth Beetroot Tinted Lip Balm with Beeswax for 12 Hour Moisturization,Mamaearth,275,8,4.2
"Nat Habit Brightening Ubtan Face Wash, Tikta for Dull Skin, Anti Aging with Wild Turmeric, All Skin",Nat Habit,264,30,4.4
Dermatouch Kojic Acid 1% Soap With Glutathione,Dermatouch,136,20,4.5
Aqualogica Detan+ Smoothie Face Wash with Glycolic Acid & Cherry Tomato for Tan removal,Aqualogica,237,5,4.3
VT Cosmetics Reedle Shot 100,VT Cosmetics,2639,12,4.7
"Dr. Sheth's Ceramide & Vitamin C Brightening Face Wash |Cleanses, Hydrates, Reduces Dark Spots 100ml",Dr. Sheth's,314,10,4.3
"O3+ Brightening Facial Single Dose Kit for Glow Boosting, Reducing Uneven Skin Tone | All Skin Types",O3+,521,7,4.3
Colorbar Spotlight Illuminating Lotion,Colorbar,796,20,4.3
Cetaphil Bright Healthy Radiance Day And Night Cream,Cetaphil,2390,8,4.3
PAC Aqua Blast - Water Based Moisturizer Mini,PAC,475,0,4.4
mCaffeine Super Glow Flash Facial 25% AHA+BHA+PHA Face Mask,MCaffeine,527,12,4.1
Foxtale Essentials Sheet Masks,Foxtale,89,10,4.4
Earth Rhythm Reusable Makeup Remover & Cleansing Pads For Women - Pack Of 2,Earth Rhythm,149,25,4.5
L'Occitane Shea Butter Hand Cream,L'Occitane,1050,0,4.5
Plix Pineapple 3% Hyloglo PHA Alcohol Free Face Toner,Plix,379,11,4.4
